Workbook

Sheet May 
A1: Department | B1: Team Lead | C1: Full Name | D1: State | E1: Tardiness | F1: Absences | G1: Lost Hours | H1: Target | I1: Completed | J1: Attendance | K1: Late | L1: Absent | M1: VL | N1: SL | O1: LWOP | P1: SPL | Q1: Emergency | R1: Infraction Issued | S1: Offense | T1: Coaching Log # | U1: Date Issued | V1: Infraction
A2: Billing | B2: Kate Constantino | C2: Alexandra Ortiz | D2: KY | E2: 231 | F2: 1620 | G2: 1620 | H2: 10800 | I2: 9180 | J2: 0.85 | K2: 5 | N2: 3
A3: Rejection | B3: Vladimir Patio | C3: Alyssa DeGuzman | D3: KY | E3: 262 | F3: 540 | G3: 802 | H3: 11880 | I3: 11078 | J3: 0.93249158 | K3: 9 | L3: 1 | O3: 2
A4: Rejection | B4: Vladimir Patio | C4: Analyn Caniedo | D4: IL | E4: 374 | F4: 540 | G4: 914 | H4: 11880 | I4: 10966 | J4: 0.92306397 | K4: 9 | L4: 1
A5: Billing | B5: Louis Cantillion | C5: Analyn Diaz | D5: NJ | E5: 32 | F5: 2160 | G5: 2192 | H5: 11880 | I5: 9688 | J5: 0.81548822 | K5: 3 | L5: 4
A6: Rejection | B6: Edmark Bania | C6: Andrea Fonacier | D6: KY/IL | E6: 31 | G6: 31 | H6: 11880 | I6: 11849 | J6: 0.99739057 | K6: 7
A7: Intake | B7: Kiana Brown | C7: Angelica Bautista | D7: Multi | E7: 533 | F7: 540 | G7: 1073 | H7: 11880 | I7: 10807 | J7: 0.90968013 | K7: 4 | L7: 1
A8: Billing | B8: Louis Cantillion | C8: Angelo Agron | D8: NJ | E8: 27 | F8: 2160 | G8: 2187 | H8: 11340 | I8: 9153 | J8: 0.80714286 | K8: 7 | L8: 4 | O8: 1
A9: Billing | B9: Kate Constantino | C9: Anthea Ann Lumen | D9: KY | E9: 41 | G9: 41 | H9: 11340 | I9: 11299 | J9: 0.99638448 | K9: 4 | O9: 1
A10: Billing | B10: Kate Constantino | C10: Anthony Valdez | D10: KY | E10: 0 | F10: 540 | G10: 540 | H10: 10260 | I10: 9720 | J10: 0.94736842 | M10: 3 | N10: 1
A11: Intake | B11: Kiana Brown | C11: Ar Jean Tudtud | D11: Multi | E11: 8 | G11: 8 | H11: 11880 | I11: 11872 | J11: 0.9993266 | K11: 2
A12: Rejection | B12: Vladimir Patio | C12: Arah Blancia | D12: IL | F12: 1620 | G12: 1620 | H12: 11880 | I12: 10260 | J12: 0.86363636 | L12: 3
A13: Rejection | B13: Edmark Bania | C13: Audrey De Leon | D13: NJ | F13: 1080 | G13: 1080 | H13: 10800 | I13: 9720 | J13: 0.9 | L13: 1 | M13: 2 | N13: 1
A14: Rejection | B14: Vladimir Patio | C14: Avril Rie Son | D14: NJ | E14: 44 | F14: 540 | G14: 584 | H14: 11880 | I14: 11296 | J14: 0.95084175 | K14: 5 | L14: 1
A15: Rejection | B15: Vladimir Patio | C15: Bea Mercado | D15: NJ | F15: 1080 | G15: 1080 | H15: 11340 | I15: 10260 | J15: 0.9047619 | L15: 2 | O15: 1
A16: Rejection | B16: Vladimir Patio | C16: Charlene Valdez | D16: MA/NY/NJ (KY/IL) | E16: 46 | F16: 540 | G16: 586 | H16: 11880 | I16: 11294 | J16: 0.9506734 | K16: 3 | N16: 1
A17: Rejection | B17: Vladimir Patio | C17: Charyselle Cadelina | D17: KY | E17: 29 | F17: 1080 | G17: 1109 | H17: 11880 | I17: 10771 | J17: 0.90664983 | K17: 3 | N17: 2
A18: Intake | B18: Kiana Brown | C18: Collen Silapan | D18: Multi | E18: 48 | G18: 48 | H18: 11340 | I18: 11292 | J18: 0.9957672 | K18: 3
A19: Rejection | B19: Vladimir Patio | C19: Danielle Generao | D19: KY | E19: 194 | F19: 1080 | G19: 1274 | H19: 10800 | I19: 9526 | J19: 0.88203704 | K19: 7 | L19: 2 | O19: 2
A20: Rejection | B20: Rhoda De Jesus | C20: Edmark Bania | D20: Multi | F20: 540 | G20: 540 | H20: 10800 | I20: 10260 | J20: 0.95 | M20: 2 | N20: 1
A21: Billing | B21: Rhoda De Jesus | C21: Eldrick Loreno | D21: NY | E21: 419 | F21: 1080 | G21: 1499 | H21: 10260 | I21: 8761 | J21: 0.85389864 | K21: 3 | M21: 3 | N21: 2
A22: Mpen | B22: Hans Ruan | C22: Erika Ramos | D22: Rebill | E22: 16 | F22: 0 | G22: 16 | H22: 11880 | I22: 11864 | J22: 0.9986532 | K22: 1
A23: Billing | B23: Jason Cruz | C23: Ethel Gregorio | D23: MA | E23: 237 | F23: 1620 | G23: 1857 | H23: 11880 | I23: 10023 | J23: 0.84368687 | K23: 16 | L23: 3
A24: Billing | B24: Jason Cruz | C24: Eunice Bargo | D24: MA | E24: 77 | F24: 540 | G24: 617 | H24: 11880 | I24: 11263 | J24: 0.94806397 | K24: 8 | N24: 1
A25: Rejection | B25: Edmark Bania | C25: Eunice Padadnan | D25: NY | E25: 1 | G25: 1 | H25: 11880 | I25: 11879 | J25: 0.99991582 | K25: 1
A26: Billing | B26: Noemi Landerito | C26: Femie DC Domenden | D26: IL | E26: 39 | G26: 39 | H26: 11880 | I26: 11841 | J26: 0.99671717 | K26: 3 | O26: 1
A27: Rejection | B27: Vladimir Patio | C27: Francis Alba | D27: Multi | E27: 42 | F27: 540 | G27: 582 | H27: 10800 | I27: 10218 | J27: 0.94611111 | K27: 2 | M27: 2 | N27: 1
A28: Billing | B28: Noemi Landerito | C28: Francis Narboneta | D28: IL | E28: 317 | F28: 2700 | G28: 3017 | H28: 11340 | I28: 8323 | J28: 0.73395062 | K28: 3 | L28: 5 | M28: 1 | O28: 1
A29: Billing | B29: Jason Cruz | C29: Gladys Astilla | D29: MA | E29: 26 | G29: 26 | H29: 11880 | I29: 11854 | J29: 0.99781145 | K29: 3
A30: Rejection | B30: Vladimir Patio | C30: Glessie DeJesus | D30: KY | F30: 1620 | G30: 1620 | H30: 11880 | I30: 10260 | J30: 0.86363636 | L30: 3
A31: Billing | B31: Noemi Landerito | C31: Glory Nabayra | D31: IL | E31: 23 | F31: 540 | G31: 563 | H31: 11880 | I31: 11317 | J31: 0.95260943 | K31: 3 | L31: 1
A32: Rejection | B32: Vladimir Patio | C32: Hanna Arceo | D32: KY | E32: 71 | F32: 1080 | G32: 1151 | H32: 11880 | I32: 10729 | J32: 0.90311448 | K32: 8 | N32: 2
A33: Mpen | B33: Rhoda De Jesus | C33: Hans Ruan | D33: Multi | E33: 9 | F33: 540 | G33: 549 | H33: 11340 | I33: 10791 | J33: 0.9515873 | K33: 1 | M33: 1 | N33: 1
A34: Intake | B34: Kiana Brown | C34: Hazelyn Rodrigo | D34: Multi | E34: 300 | G34: 300 | H34: 11340 | I34: 11040 | J34: 0.97354497 | K34: 6
A35: Rejection | B35: Vladimir Patio | C35: Iris Dahnielle Andalleon | D35: Multi | E35: 9 | F35: 0 | G35: 9 | H35: 11340 | I35: 11331 | J35: 0.99920635 | K35: 2 | M35: 1
A36: Intake | B36: Kiana Brown | C36: Isabela Arellano | D36: Multi | E36: 303 | G36: 303 | H36: 11340 | I36: 11037 | J36: 0.97328042 | K36: 6 | O36: 1
A37: Billing | B37: Noemi Landerito | C37: Iverson Libranda | D37: IL | E37: 151 | F37: 540 | G37: 691 | H37: 11880 | I37: 11189 | J37: 0.94183502 | K37: 5
A38: Billing | B38: Rhoda De Jesus | C38: Jason Cruz | D38: MA | E38: 15 | F38: 540 | G38: 555 | H38: 10260 | I38: 9705 | J38: 0.94590643 | K38: 1 | M38: 3 | N38: 1
A39: Rejection | B39: Vladimir Patio | C39: Jean Tan | D39: NY NJ | E39: 1 | F39: 540 | G39: 541 | H39: 11880 | I39: 11339 | J39: 0.95446128 | K39: 1 | N39: 1
A40: Rejection | B40: Edmark Bania | C40: Jeannie Bajaro | D40: Multi | F40: 540 | G40: 540 | H40: 11340 | I40: 10800 | J40: 0.95238095 | M40: 1 | N40: 1
A41: Rejection | B41: Edmark Bania | C41: Jericho Crame | D41: NJ | E41: 0 | F41: 0 | G41: 0 | H41: 11880 | I41: 11880 | J41: 1
A42: Billing | B42: Louis Cantillion | C42: Jesslyn Gatbunton | D42: NJ | E42: 485 | G42: 485 | H42: 11880 | I42: 11395 | J42: 0.95917508 | K42: 7
A43: Rejection | B43: Edmark Bania | C43: Jester Limpin | D43: Multi | E43: 104 | F43: 1620 | G43: 1724 | H43: 11880 | I43: 10156 | J43: 0.85488215 | K43: 3 | N43: 3
A44: Mpen | B44: Hans Ruan | C44: Jewel Mondina | D44: Rebill | E44: 0 | F44: 540 | G44: 540 | H44: 11880 | I44: 11340 | J44: 0.95454545 | L44: 1
A45: Billing | B45: Jason Cruz | C45: Jimwell Osiang | D45: MA | E45: 64 | F45: 0 | G45: 64 | H45: 11880 | I45: 11816 | J45: 0.99461279 | K45: 4
A46: Rejection | B46: Vladimir Patio | C46: Jizelle Delos Reyes | D46: NY | F46: 540 | G46: 540 | H46: 11880 | I46: 11340 | J46: 0.95454545 | L46: 1
A47: Rejection | B47: Vladimir Patio | C47: Joanna Cabrera | D47: NJ | E47: 209 | F47: 540 | G47: 749 | H47: 11880 | I47: 11131 | J47: 0.93695286 | K47: 7 | N47: 1
A48: Billing | B48: Kate Constantino | C48: Johnella Lopez | D48: KY | E48: 160 | F48: 540 | G48: 700 | H48: 11880 | I48: 11180 | J48: 0.94107744 | K48: 5 | L48: 1
A49: Rejection | B49: Edmark Bania | C49: Jonathan Marquez | D49: Multi | E49: 113 | G49: 113 | H49: 11880 | I49: 11767 | J49: 0.99048822 | K49: 9
A50: Intake | B50: Kiana Brown | C50: Josea Aseron | D50: Multi | E50: 28 | G50: 28 | H50: 12420 | I50: 12392 | J50: 0.99774557 | K50: 1 | O50: 1
A51: Billing | B51: Noemi Landerito | C51: Joshua Joaquin | D51: IL | E51: 1 | G51: 1 | H51: 11880 | I51: 11879 | J51: 0.99991582 | K51: 1
A52: Billing | B52: Jason Cruz | C52: Julieann Manasan | D52: MA | E52: 0 | F52: 2160 | G52: 2160 | H52: 11340 | I52: 9180 | J52: 0.80952381 | M52: 1 | N52: 4
A53: Rejection | B53: Edmark Bania | C53: Jullyca Oblefias | D53: NY | G53: 0 | H53: 11880 | I53: 11880 | J53: 1
A54: Mpen | B54: Hans Ruan | C54: Karl Solomon | D54: Multi | E54: 37 | G54: 37 | H54: 10800 | I54: 10763 | J54: 0.99657407 | K54: 3 | M54: 2
A55: Rejection | B55: Edmark Bania | C55: Karlos De Leon | D55: NJ | F55: 5940 | G55: 5940 | H55: 11880 | I55: 5940 | J55: 0.5 | N55: 11
A56: Billing | B56: Rhoda De Jesus | C56: Kate Constantino | D56: KY | E56: 14 | F56: 540 | G56: 554 | H56: 10260 | I56: 9706 | J56: 0.9460039 | K56: 1 | M56: 3 | N56: 1
A57: Intake | B57: Kiana Brown | C57: Katrina Go | D57: Multi | F57: 540 | G57: 540 | H57: 11880 | I57: 11340 | J57: 0.95454545 | N57: 1
A58: Rejection | B58: Edmark Bania | C58: Kaxyleh Masilongan | D58: NY | E58: 39 | G58: 39 | H58: 11880 | I58: 11841 | J58: 0.99671717 | K58: 6
A59: Intake | B59: Rhoda De Jesus | C59: Kiana Brown | D59: Multi | E59: 0 | F59: 0 | G59: 0 | H59: 12420 | I59: 12420 | J59: 1
A60: Rejection | B60: Edmark Bania | C60: Kizzy Serrano | D60: IL | E60: 67 | F60: 1080 | G60: 1147 | H60: 11880 | I60: 10733 | J60: 0.90345118 | K60: 4 | N60: 2
A61: Billing | B61: Jason Cruz | C61: Kyzen Hayagan | D61: MA | E61: 11 | F61: 1080 | G61: 1091 | H61: 11880 | I61: 10789 | J61: 0.90816498 | K61: 2 | L61: 2
A62: Billing | B62: Jason Cruz | C62: Lea Alagadmo | D62: MA | E62: 61 | F62: 540 | G62: 601 | H62: 9720 | I62: 9119 | J62: 0.93816872 | K62: 3 | L62: 1 | M62: 4
A63: Mpen | B63: Hans Ruan | C63: Leo Olesco | D63: Multi | E63: 0 | F63: 0 | G63: 0 | H63: 11340 | I63: 11340 | J63: 1 | M63: 1
A64: Billing | B64: Louis Cantillion | C64: Lorraine Cabantac | D64: NJ | E64: 218 | F64: 1080 | G64: 1298 | H64: 11880 | I64: 10582 | J64: 0.89074074 | K64: 1 | N64: 2
A65: Billing | B65: Rhoda De Jesus | C65: Louis Cantillion | D65: NJ | E65: 15 | F65: 0 | G65: 15 | H65: 11340 | I65: 11325 | J65: 0.99867725 | K65: 1
A66: Rejection | B66: Edmark Bania | C66: Margie Theres A Magluyan | D66: Multi | E66: 453 | G66: 453 | H66: 11880 | I66: 11427 | J66: 0.96186869 | K66: 4
A67: Billing | B67: Kate Constantino | C67: Marion Vien Santos | D67: KY | E67: 46 | F67: 2700 | G67: 2746 | H67: 11880 | I67: 9134 | J67: 0.76885522 | K67: 4 | L67: 5
A68: Billing | B68: Eldrick Loreno | C68: Mark Bienes | D68: NY | E68: 252 | G68: 252 | H68: 11880 | I68: 11628 | J68: 0.97878788 | K68: 4
A69: Billing | B69: Noemi Landerito | C69: Mark Frankie Pecolera | D69: IL | E69: 274 | G69: 274 | H69: 11880 | I69: 11606 | J69: 0.97693603 | K69: 2
A70: Mpen | B70: Hans Ruan | C70: Mark Metra | D70: Multi | E70: 43 | F70: 2700 | G70: 2743 | H70: 10260 | I70: 7517 | J70: 0.73265107 | K70: 3 | L70: 1 | N70: 4 | O70: 3
A71: Rejection | B71: Edmark Bania | C71: Mary Dela Cruz | D71: IL | E71: 0 | F71: 0 | G71: 0 | H71: 11880 | I71: 11880 | J71: 1
A72: Rejection | B72: Vladimir Patio | C72: Mary Kilario | D72: KY/IL | E72: 3 | F72: 540 | G72: 543 | H72: 11880 | I72: 11337 | J72: 0.95429293 | K72: 1 | N72: 1
A73: Mpen | B73: Hans Ruan | C73: Mayann Somera | D73: ALF | E73: 0 | F73: 0 | G73: 0 | H73: 10800 | I73: 10800 | J73: 1 | M73: 2
A74: Billing | B74: Kate Constantino | C74: Mherica Santos | D74: KY | E74: 44 | G74: 44 | H74: 11880 | I74: 11836 | J74: 0.9962963 | K74: 4
A75: Rejection | B75: Vladimir Patio | C75: Mikaella Santos | D75: Multi | E75: 0 | F75: 0 | G75: 0 | H75: 11340 | I75: 11340 | J75: 1 | M75: 1
A76: Intake | B76: Kiana Brown | C76: Nerissa Ong | D76: Multi | E76: 41 | F76: 3240 | G76: 3281 | H76: 11880 | I76: 8599 | J76: 0.72382155 | K76: 4 | L76: 1 | N76: 5
A77: Billing | B77: Rhoda De Jesus | C77: Noemi Landerito | D77: IL | E77: 73 | F77: 2160 | G77: 2233 | H77: 11340 | I77: 9107 | J77: 0.80308642 | K77: 6 | M77: 1 | N77: 4
A78: Billing | B78: Louis Cantillion | C78: Patricia Busio | D78: NJ | E78: 31 | F78: 540 | G78: 571 | H78: 11340 | I78: 10769 | J78: 0.94964727 | K78: 2 | O78: 1
A79: Billing | B79: Jason Cruz | C79: Rafunzel M Manuel | D79: MA | E79: 40 | F79: 540 | G79: 580 | H79: 11880 | I79: 11300 | J79: 0.95117845 | K79: 3 | N79: 1
A80: Billing | B80: Noemi Landerito | C80: Raphael Macasocol | D80: IL | E80: 19 | F80: 540 | G80: 559 | H80: 11880 | I80: 11321 | J80: 0.95294613 | K80: 2 | M80: 2 | N80: 1
A81: Intake | B81: Kiana Brown | C81: Remaden Bautista | D81: Multi | E81: 43 | G81: 43 | H81: 11880 | I81: 11837 | J81: 0.99638047 | K81: 5
A82: Rejection | B82: Edmark Bania | C82: Rhona Sanejo | D82: KY | E82: 0 | F82: 0 | G82: 0 | H82: 11340 | I82: 11340 | J82: 1
A83: Billing | B83: Noemi Landerito | C83: Ricalyn Clarencio | D83: IL | E83: 261 | F83: 540 | G83: 801 | H83: 11880 | I83: 11079 | J83: 0.93257576 | K83: 4 | L83: 1
A84: Billing | B84: Jason Cruz | C84: Rosalinda Pantua | D84: MA | E84: 5 | F84: 2160 | G84: 2165 | H84: 10800 | I84: 8635 | J84: 0.79953704 | K84: 2 | N84: 4 | O84: 2
A85: Billing | B85: Noemi Landerito | C85: Roxinne Madolid | D85: IL | G85: 0 | H85: 11880 | I85: 11880 | J85: 1
A86: Rejection | B86: Edmark Bania | C86: Rubyneil Abejero | D86: Multi | E86: 20 | G86: 20 | H86: 11880 | I86: 11860 | J86: 0.9983165 | K86: 1
A87: Rejection | B87: Edmark Bania | C87: Ruth Dela Cruz | D87: KY/IL | E87: 0 | F87: 1620 | G87: 1620 | H87: 11340 | I87: 9720 | J87: 0.85714286 | N87: 3
A88: Billing | B88: Kate Constantino | C88: Ryan Rillo | D88: KY | E88: 298 | F88: 540 | G88: 838 | H88: 10260 | I88: 9422 | J88: 0.91832359 | K88: 4 | L88: 1 | O88: 3
A89: Rejection | B89: Edmark Bania | C89: Sandarah Cruz | D89: IL | E89: 77 | F89: 2160 | G89: 2237 | H89: 11880 | I89: 9643 | J89: 0.81170034 | K89: 7 | N89: 4
A90: Billing | B90: Louis Cantillion | C90: Sean Edulan | D90: NJ | E90: 50 | F90: 540 | G90: 590 | H90: 11340 | I90: 10750 | J90: 0.94797178 | K90: 3 | L90: 1 | O90: 1
A91: Billing | B91: Louis Cantillion | C91: Stephanie Del Rosario | D91: NJ | E91: 37 | F91: 1620 | G91: 1657 | H91: 11880 | I91: 10223 | J91: 0.86052189 | K91: 4 | N91: 3
A92: Billing | B92: Eldrick Loreno | C92: Syra Jade Yaranon | D92: NY | E92: 110 | F92: 1080 | G92: 1190 | H92: 11880 | I92: 10690 | J92: 0.89983165 | K92: 6 | N92: 2
A93: Billing | B93: Louis Cantillion | C93: Theresa Ma Alvaro | D93: NJ | E93: 212 | F93: 1080 | G93: 1292 | H93: 11880 | I93: 10588 | J93: 0.89124579 | K93: 4 | L93: 2
A94: Rejection | B94: Vladimir Patio | C94: Tricia Galsim | D94: NJ | E94: 125 | F94: 1620 | G94: 1745 | H94: 11880 | I94: 10135 | J94: 0.85311448 | K94: 7 | N94: 3
A95: Billing | B95: Eldrick Loreno | C95: Vianka Ylaine Ortiz | D95: NY | E95: 2 | G95: 2 | H95: 10800 | I95: 10798 | J95: 0.99981481 | K95: 2 | M95: 2
A96: Rejection | B96: Vladimir Patio | C96: Vincent Paolo Villasenor | D96: Multi | E96: 582 | F96: 2700 | G96: 3282 | H96: 11880 | I96: 8598 | J96: 0.72373737 | K96: 10 | L96: 5
A97: Rejection | B97: Rhoda De Jesus | C97: Vladimir Patio | D97: Multi | E97: 7 | F97: 0 | G97: 7 | H97: 11880 | I97: 11873 | J97: 0.99941077 | K97: 1
A98: Billing | B98: Eldrick Loreno | C98: Xenrel Mae O Dacubar | D98: NY | E98: 33 | F98: 1620 | G98: 1653 | H98: 11340 | I98: 9687 | J98: 0.8542328 | K98: 4 | N98: 3 | O98: 1

Sheet JWeek 1
A1: Department | B1: Full Name | C1: State | D1: SUNDAY | E1: MONDAY | F1: TUESDAY | G1: WEDNESDAY | H1: THURSDAY | I1: FRIDAY | J1: SATURDAY | K1: Tardiness | L1: Absences | M1: Lost Hours | N1: Target | O1: Completed | P1: Attendance | Q1: VL | R1: LWOP | T1: Row Labels | U1: Sum of Tardiness | V1: Sum of Absences | W1: Sum of Target | X1: Sum of Completed
A2: Billing | B2: Alexandra Ortiz | C2: KY | D2: RD | E2: 450 | F2: 5 | G2: P | H2: 19 | I2: P | J2: RD | K2: =SUM(F2:I2) -> 24 | L2: =SUMIF(D2:J2,"450") -> 450 | M2: =SUM(K2:L2) -> 474 | N2: =450*5 -> 2250 | O2: =N2-M2 -> 1776 | P2: =O2/N2*100% -> 0.78933333 | T2: ALF | U2: 0 | V2: 0 | W2: 2250 | X2: 2250
A3: Rejection | B3: Alyssa DeGuzman | C3: KY | D3: P | E3: 17 | F3: RD | G3: RD | H3: 4 | I3: P | J3: P | K3: =SUM(D3:J3) -> 21 | L3: =SUMIF(D3:J3,"450") -> 0 | M3: =SUM(K3:L3) -> 21 | N3: =450*5 -> 2250 | O3: =N3-M3 -> 2229 | P3: =O3/N3*100% -> 0.99066667 | T3: Billing | U3: 914 | V3: 1350 | W3: 96300 | X3: 94036
A4: Rejection | B4: Analyn Caniedo | C4: IL | D4: 25 | E4: 4 | F4: RD | G4: RD | H4: P | I4: P | J4: P | K4: =SUM(D4:J4) -> 29 | L4: =SUMIF(D4:J4,"450") -> 0 | M4: =SUM(K4:L4) -> 29 | N4: =450*5 -> 2250 | O4: =N4-M4 -> 2221 | P4: =O4/N4*100% -> 0.98711111 | T4: Intake | U4: 639 | V4: 0 | W4: 22500 | X4: 21861
A5: Billing | B5: Analyn Diaz | C5: NJ | D5: RD | E5: 9 | F5: 4 | G5: P | H5: 8 | I5: 9 | J5: RD | K5: =SUM(E5:I5) -> 30 | L5: =SUMIF(D5:J5,"450") -> 0 | M5: =SUM(K5:L5) -> 30 | N5: =450*5 -> 2250 | O5: =N5-M5 -> 2220 | P5: =O5/N5*100% -> 0.98666667 | T5: Mpen | U5: 0 | V5: 450 | W5: 9000 | X5: 8550
A6: Rejection | B6: Andrea Fonacier | C6: KY/IL | D6: RD | E6: 450 | F6: P | G6: 13 | H6: P | I6: P | J6: RD | K6: =G6 -> 13 | L6: =SUMIF(D6:J6,"450") -> 450 | M6: =SUM(K6:L6) -> 463 | N6: =450*5 -> 2250 | O6: =N6-M6 -> 1787 | P6: =O6/N6*100% -> 0.79422222 | T6: Rebill | U6: 60 | V6: 0 | W6: 4500 | X6: 4440
A7: Intake | B7: Angelica Bautista | C7: Multi | D7: P | E7: 1 | F7: 1 | G7: P | H7: P | I7: RD | J7: RD | K7: =SUM(D7:J7) -> 2 | L7: =SUMIF(D7:J7,"450") -> 0 | M7: =SUM(K7:L7) -> 2 | N7: =450*5 -> 2250 | O7: =N7-M7 -> 2248 | P7: =O7/N7*100% -> 0.99911111 | T7: Rejection | U7: 749 | V7: 1350 | W7: 80550 | X7: 78451
A8: Billing | B8: Angelo Agron | C8: NJ | D8: P | E8: P | F8: P | G8: 2 | H8: P | I8: P | J8: RD | K8: =SUM(E8:I8) -> 2 | L8: =SUMIF(D8:J8,"450") -> 0 | M8: =SUM(K8:L8) -> 2 | N8: =450*5 -> 2250 | O8: =N8-M8 -> 2248 | P8: =O8/N8*100% -> 0.99911111 | T8: Grand Total | U8: 2362 | V8: 3150 | W8: 215100 | X8: 209588
A9: Billing | B9: Anthea Ann Lumen | C9: KY | D9: P | E9: 5 | F9: P | G9: P | H9: 7 | I9: 17 | J9: RD | K9: =SUM(D9:I9) -> 29 | L9: =SUMIF(D9:J9,"450") -> 0 | M9: =SUM(K9:L9) -> 29 | N9: =450*5 -> 2250 | O9: =N9-M9 -> 2221 | P9: =O9/N9*100% -> 0.98711111
A10: Billing | B10: Anthony Valdez | C10: KY | D10: P | E10: P | F10: P | G10: P | H10: P | I10: P | J10: RD | K10: =SUM(D10:I10) -> 0 | L10: =SUMIF(D10:J10,"450") -> 0 | M10: =SUM(K10:L10) -> 0 | N10: =450*5 -> 2250 | O10: =N10-M10 -> 2250 | P10: =O10/N10*100% -> 1
A11: Intake | B11: Ar Jean Tudtud | C11: Multi | D11: RD | E11: RD | F11: P | G11: P | H11: P | I11: P | J11: P | K11: =SUM(D11:I11) -> 0 | L11: =SUMIF(D11:J11,"450") -> 0 | M11: =SUM(K11:L11) -> 0 | N11: =450*5 -> 2250 | O11: =N11-M11 -> 2250 | P11: =O11/N11*100% -> 1 | T11: Row Labels | U11: Sum of Completed
A12: Rejection | B12: Arah Blancia | C12: IL | D12: P | E12: P | F12: 6 | G12: RD | H12: RD | I12: P | J12: P | K12: =SUM(D12:J12) -> 6 | L12: =SUMIF(D12:J12,"450") -> 0 | M12: =SUM(K12:L12) -> 6 | N12: =450*5 -> 2250 | O12: =N12-M12 -> 2244 | P12: =O12/N12*100% -> 0.99733333 | T12: Rejection | U12: 78451
A13: Rejection | B13: Avril Rie Son | C13: NJ | D13: RD | E13: 450 | F13: P | G13: P | H13: P | I13: P | J13: RD | L13: =SUMIF(D13:J13,"450") -> 450 | M13: =SUM(K13:L13) -> 450 | N13: =450*5 -> 2250 | O13: =N13-M13 -> 1800 | P13: =O13/N13*100% -> 0.8 | T13: Alyssa DeGuzman | U13: 2229
A14: Rejection | B14: Bea Mercado | C14: NJ | D14: RD | E14: P | F14: P | G14: P | H14: P | I14: P | J14: RD | K14: =SUM(D14:J14) -> 0 | L14: =SUMIF(D14:J14,"450") -> 0 | M14: =SUM(K14:L14) -> 0 | N14: =450*5 -> 2250 | O14: =N14-M14 -> 2250 | P14: =O14/N14*100% -> 1 | R14: 1 | T14: Analyn Caniedo | U14: 2221
A15: Rejection | B15: Charlene Valdez | C15: MA/NY/NJ (KY/IL) | D15: RD | E15: P | F15: P | G15: 3 | H15: P | I15: P | J15: RD | K15: =SUM(D15:J15) -> 3 | L15: =SUMIF(D15:J15,"450") -> 0 | M15: =SUM(K15:L15) -> 3 | N15: =450*5 -> 2250 | O15: =N15-M15 -> 2247 | P15: =O15/N15*100% -> 0.99866667 | T15: Andrea Fonacier | U15: 1787
A16: Rejection | B16: Charyselle Cadelina | C16: KY | D16: RD | E16: 5 | F16: P | G16: P | H16: P | I16: P | J16: RD | K16: =SUM(D16:J16) -> 5 | L16: =SUMIF(D16:J16,"450") -> 0 | M16: =SUM(K16:L16) -> 5 | N16: =450*5 -> 2250 | O16: =N16-M16 -> 2245 | P16: =O16/N16*100% -> 0.99777778 | T16: Arah Blancia | U16: 2244
A17: Intake | B17: Collen Silapan | C17: Multi | D17: 5 | E17: P | F17: P | G17: P | H17: P | I17: RD | J17: RD | K17: =SUM(D17:J17) -> 5 | L17: =SUMIF(D17:J17,"450") -> 0 | M17: =SUM(K17:L17) -> 5 | N17: =450*5 -> 2250 | O17: =N17-M17 -> 2245 | P17: =O17/N17*100% -> 0.99777778 | T17: Avril Rie Son | U17: 1800
A18: Rejection | B18: Danielle Generao | C18: KY | D18: RD | E18: P | F18: P | G18: 8 | H18: 6 | I18: P | J18: RD | K18: =SUM(D18:J18) -> 14 | L18: =SUMIF(D18:J18,"450") -> 0 | M18: =SUM(K18:L18) -> 14 | N18: =450*5 -> 2250 | O18: =N18-M18 -> 2236 | P18: =O18/N18*100% -> 0.99377778 | T18: Bea Mercado | U18: 2250
A19: Rejection | B19: Edmark Bania | C19: Multi | D19: RD | E19: P | F19: P | G19: RD | H19: RD | I19: P | J19: P | K19: =SUM(D19:J19) -> 0 | L19: =SUMIF(D19:J19,"450") -> 0 | M19: =SUM(K19:L19) -> 0 | N19: =450*4 -> 1800 | O19: =N19-M19 -> 1800 | P19: =O19/N19*100% -> 1 | Q19: 2 | T19: Charlene Valdez | U19: 2247
A20: Billing | B20: Eldrick Loreno | C20: NY | D20: P | E20: P | F20: P | G20: P | H20: P | I20: P | J20: RD | K20: =SUM(D20:I20) -> 0 | L20: =SUMIF(D20:J20,"450") -> 0 | M20: =SUM(K20:L20) -> 0 | N20: =450*5 -> 2250 | O20: =N20-M20 -> 2250 | P20: =O20/N20*100% -> 1 | Q20: 1 | T20: Charyselle Cadelina | U20: 2245
A21: Rebill | B21: Erika Ramos | C21: Multi | D21: RD | E21: 12 | F21: P | G21: P | H21: P | I21: P | J21: RD | K21: =SUM(E21:I21) -> 12 | L21: =SUMIF(D21:J21,"450") -> 0 | M21: =SUM(K21:L21) -> 12 | N21: =450*5 -> 2250 | O21: =N21-M21 -> 2238 | P21: =O21/N21*100% -> 0.99466667 | T21: Danielle Generao | U21: 2236
A22: Billing | B22: Ethel Gregorio | C22: MA | D22: P | E22: 26 | F22: 13 | G22: 143 | H22: 11 | I22: P | J22: RD | K22: =SUM(D22:I22) -> 193 | L22: =SUMIF(D22:J22,"450") -> 0 | M22: =SUM(K22:L22) -> 193 | N22: =450*5 -> 2250 | O22: =N22-M22 -> 2057 | P22: =O22/N22*100% -> 0.91422222 | T22: Edmark Bania | U22: 1800
A23: Billing | B23: Eunice Bargo | C23: MA | D23: RD | E23: P | F23: P | G23: P | H23: P | I23: P | J23: RD | K23: =SUM(D23:I23) -> 0 | L23: =SUMIF(D23:J23,"450") -> 0 | M23: =SUM(K23:L23) -> 0 | N23: =450*5 -> 2250 | O23: =N23-M23 -> 2250 | P23: =O23/N23*100% -> 1 | T23: Eunice Padadnan | U23: 2250
A24: Rejection | B24: Eunice Padadnan | C24: NY | D24: RD | E24: P | F24: P | G24: P | H24: P | I24: P | J24: RD | K24: =SUM(D24:J24) -> 0 | L24: =SUMIF(D24:J24,"450") -> 0 | M24: =SUM(K24:L24) -> 0 | N24: =450*5 -> 2250 | O24: =N24-M24 -> 2250 | P24: =O24/N24*100% -> 1 | T24: Francis Alba | U24: 2216
A25: Billing | B25: Femie DC Domenden | C25: IL | D25: P | E25: P | F25: P | G25: P | H25: P | I25: P | J25: RD | K25: =SUM(D25:J25) -> 0 | L25: =SUMIF(D25:J25,"450") -> 0 | M25: =SUM(K25:L25) -> 0 | N25: =450*5 -> 2250 | O25: =N25-M25 -> 2250 | P25: =O25/N25*100% -> 1 | T25: Glessie DeJesus | U25: 2250
A26: Rejection | B26: Francis Alba | C26: Multi | D26: RD | E26: P | F26: P | G26: P | H26: 34 | I26: P | J26: RD | K26: =SUM(D26:J26) -> 34 | L26: =SUMIF(D26:J26,"450") -> 0 | M26: =SUM(K26:L26) -> 34 | N26: =450*5 -> 2250 | O26: =N26-M26 -> 2216 | P26: =O26/N26*100% -> 0.98488889 | Q26: 2 | T26: Hanna Arceo | U26: 2231
A27: Billing | B27: Francis Narboneta | C27: IL | D27: RD | E27: 450 | F27: 8 | G27: P | H27: 3 | I27: P | J27: RD | K27: =F27+H27 -> 11 | L27: =SUMIF(D27:J27,"450") -> 450 | M27: =SUM(K27:L27) -> 461 | N27: =450*5 -> 2250 | O27: =N27-M27 -> 1789 | P27: =O27/N27*100% -> 0.79511111 | T27: Iris Dahnielle Andalleon | U27: 2247
A28: Billing | B28: Gladys Astilla | C28: MA | D28: P | E28: P | F28: P | G28: 9 | H28: P | I28: P | J28: RD | K28: =SUM(D28:I28) -> 9 | L28: =SUMIF(D28:J28,"450") -> 0 | M28: =SUM(K28:L28) -> 9 | N28: =450*5 -> 2250 | O28: =N28-M28 -> 2241 | P28: =O28/N28*100% -> 0.996 | T28: Jean Tan | U28: 2250
A29: Rejection | B29: Glessie DeJesus | C29: KY | D29: RD | E29: P | F29: P | G29: P | H29: P | I29: P | J29: RD | K29: =SUM(D29:J29) -> 0 | L29: =SUMIF(D29:J29,"450") -> 0 | M29: =SUM(K29:L29) -> 0 | N29: =450*5 -> 2250 | O29: =N29-M29 -> 2250 | P29: =O29/N29*100% -> 1 | T29: Jeannie Bajaro | U29: 2250
A30: Billing | B30: Glory Nabayra | C30: IL | D30: P | E30: 4 | F30: P | G30: P | H30: 5 | I30: P | J30: RD | K30: =SUM(D30:J30) -> 9 | L30: =SUMIF(D30:J30,"450") -> 0 | M30: =SUM(K30:L30) -> 9 | N30: =450*5 -> 2250 | O30: =N30-M30 -> 2241 | P30: =O30/N30*100% -> 0.996 | T30: Jericho Crame | U30: 2250
A31: Rejection | B31: Hanna Arceo | C31: KY | D31: RD | E31: 6 | F31: P | G31: P | H31: P | I31: 13 | J31: RD | K31: =SUM(D31:J31) -> 19 | L31: =SUMIF(D31:J31,"450") -> 0 | M31: =SUM(K31:L31) -> 19 | N31: =450*5 -> 2250 | O31: =N31-M31 -> 2231 | P31: =O31/N31*100% -> 0.99155556 | T31: Jizelle Delos Reyes | U31: 2250
A32: Mpen | B32: Hans Ruan | C32: Multi | D32: RD | E32: P | F32: P | G32: P | H32: P | I32: P | J32: RD | K32: =SUM(E32:I32) -> 0 | L32: =SUMIF(D32:J32,"450") -> 0 | M32: =SUM(K32:L32) -> 0 | N32: =450*5 -> 2250 | O32: =N32-M32 -> 2250 | P32: =O32/N32*100% -> 1 | T32: Joanna Cabrera | U32: 2250
A33: Intake | B33: Hazelyn Rodrigo | C33: Multi | D33: 7 | E33: 5 | F33: RD | G33: RD | H33: P | I33: 13 | J33: P | K33: =SUM(D33:J33) -> 25 | L33: =SUMIF(D33:J33,"450") -> 0 | M33: =SUM(K33:L33) -> 25 | N33: =450*5 -> 2250 | O33: =N33-M33 -> 2225 | P33: =O33/N33*100% -> 0.98888889 | T33: Jonathan Marquez | U33: 2244
A34: Rejection | B34: Iris Dahnielle Andalleon | C34: Multi | D34: P | E34: P | F34: 3 | G34: RD | H34: RD | I34: P | J34: P | K34: =SUM(D34:J34) -> 3 | L34: =SUMIF(D34:J34,"450") -> 0 | M34: =SUM(K34:L34) -> 3 | N34: =450*5 -> 2250 | O34: =N34-M34 -> 2247 | P34: =O34/N34*100% -> 0.99866667 | Q34: 1 | T34: Jullyca Oblefias | U34: 2250
A35: Intake | B35: Isabela Arellano | C35: Multi | D35: P | E35: P | F35: P | G35: P | H35: 7 | I35: RD | J35: RD | K35: =SUM(D35:J35) -> 7 | L35: =SUMIF(D35:J35,"450") -> 0 | M35: =SUM(K35:L35) -> 7 | N35: =450*5 -> 2250 | O35: =N35-M35 -> 2243 | P35: =O35/N35*100% -> 0.99688889 | T35: Karlos De Leon | U35: 2250
A36: Billing | B36: Iverson Libranda | C36: IL | D36: RD | E36: LWOP | F36: P | G36: 28 | H36: P | I36: P | J36: RD | K36: =SUM(D36:J36) -> 28 | L36: =SUMIF(D36:J36,"450") -> 0 | M36: =SUM(K36:L36) -> 28 | N36: =450*5 -> 2250 | O36: =N36-M36 -> 2222 | P36: =O36/N36*100% -> 0.98755556 | T36: Kaxyleh Masilongan | U36: 2243
A37: Billing | B37: Jason Cruz | C37: MA | D37: P | E37: P | F37: P | G37: P | H37: P | I37: P | J37: RD | K37: =SUM(D37:I37) -> 0 | L37: =SUMIF(D37:J37,"450") -> 0 | M37: =SUM(K37:L37) -> 0 | N37: =450*5 -> 2250 | O37: =N37-M37 -> 2250 | P37: =O37/N37*100% -> 1 | T37: Kizzy Serrano | U37: 2247
A38: Rejection | B38: Jean Tan | C38: NY NJ | D38: RD | E38: P | F38: P | G38: P | H38: P | I38: P | J38: RD | K38: =SUM(D38:J38) -> 0 | L38: =SUMIF(D38:J38,"450") -> 0 | M38: =SUM(K38:L38) -> 0 | N38: =450*5 -> 2250 | O38: =N38-M38 -> 2250 | P38: =O38/N38*100% -> 1 | T38: Margie Theres A Magluyan | U38: 2250
A39: Rejection | B39: Jeannie Bajaro | C39: Multi | D39: P | E39: P | F39: P | G39: RD | H39: RD | I39: P | J39: P | K39: =SUM(D39:J39) -> 0 | L39: =SUMIF(D39:J39,"450") -> 0 | M39: =SUM(K39:L39) -> 0 | N39: =450*5 -> 2250 | O39: =N39-M39 -> 2250 | P39: =O39/N39*100% -> 1 | T39: Mary Dela Cruz | U39: 2250
A40: Rejection | B40: Jericho Crame | C40: NJ | D40: RD | E40: P | F40: P | G40: P | H40: P | I40: P | J40: RD | K40: =SUM(D40:J40) -> 0 | L40: =SUMIF(D40:J40,"450") -> 0 | M40: =SUM(K40:L40) -> 0 | N40: =450*5 -> 2250 | O40: =N40-M40 -> 2250 | P40: =O40/N40*100% -> 1 | T40: Mary Kilario | U40: 2250
A41: Billing | B41: Jesslyn Gatbunton | C41: NJ | D41: RD | E41: 1 | F41: 12 | G41: P | H41: P | I41: P | J41: RD | K41: =SUM(E41:I41) -> 13 | L41: =SUMIF(D41:J41,"450") -> 0 | M41: =SUM(K41:L41) -> 13 | N41: =450*5 -> 2250 | O41: =N41-M41 -> 2237 | P41: =O41/N41*100% -> 0.99422222 | T41: Mikaella Santos | U41: 2250
A42: Rebill | B42: Jewel Mondina | C42: Multi | D42: RD | E42: P | F42: P | G42: P | H42: 48 | I42: P | J42: RD | K42: =SUM(E42:I42) -> 48 | L42: =SUMIF(D42:J42,"450") -> 0 | M42: =SUM(K42:L42) -> 48 | N42: =450*5 -> 2250 | O42: =N42-M42 -> 2202 | P42: =O42/N42*100% -> 0.97866667 | T42: Rhona Sanejo | U42: 2250
A43: Billing | B43: Jimwell Osiang | C43: MA | D43: P | E43: 10 | F43: P | G43: P | H43: 10 | I43: P | J43: RD | K43: =SUM(D43:I43) -> 20 | L43: =SUMIF(D43:J43,"450") -> 0 | M43: =SUM(K43:L43) -> 20 | N43: =450*5 -> 2250 | O43: =N43-M43 -> 2230 | P43: =O43/N43*100% -> 0.99111111 | T43: Rubyneil Abejero | U43: 2250
A44: Rejection | B44: Jizelle Delos Reyes | C44: NY | D44: RD | E44: P | F44: P | G44: P | H44: P | I44: P | J44: RD | K44: =SUM(D44:J44) -> 0 | L44: =SUMIF(D44:J44,"450") -> 0 | M44: =SUM(K44:L44) -> 0 | N44: =450*5 -> 2250 | O44: =N44-M44 -> 2250 | P44: =O44/N44*100% -> 1 | T44: Ruth Dela Cruz | U44: 2250
A45: Rejection | B45: Joanna Cabrera | C45: NJ | D45: RD | E45: P | F45: P | G45: P | H45: P | I45: P | J45: RD | K45: =SUM(D45:J45) -> 0 | L45: =SUMIF(D45:J45,"450") -> 0 | M45: =SUM(K45:L45) -> 0 | N45: =450*5 -> 2250 | O45: =N45-M45 -> 2250 | P45: =O45/N45*100% -> 1 | T45: Sandarah Cruz | U45: 2248
A46: Billing | B46: Johnella Lopez | C46: KY | D46: P | E46: P | F46: 69 | G46: P | H46: P | I46: P | J46: RD | K46: =SUM(D46:I46) -> 69 | L46: =SUMIF(D46:J46,"450") -> 0 | M46: =SUM(K46:L46) -> 69 | N46: =450*5 -> 2250 | O46: =N46-M46 -> 2181 | P46: =O46/N46*100% -> 0.96933333 | T46: Tricia Galsim | U46: 1314
A47: Rejection | B47: Jonathan Marquez | C47: Multi | D47: RD | E47: 6 | F47: P | G47: P | H47: P | I47: P | J47: RD | K47: =SUM(D47:J47) -> 6 | L47: =SUMIF(D47:J47,"450") -> 0 | M47: =SUM(K47:L47) -> 6 | N47: =450*5 -> 2250 | O47: =N47-M47 -> 2244 | P47: =O47/N47*100% -> 0.99733333 | T47: Vincent Paolo Villasenor | U47: 2152
A48: Intake | B48: Josea Aseron | C48: Multi | D48: RD | E48: RD | F48: P | G48: P | H48: P | I48: P | J48: LWOP | K48: =SUM(D48:J48) -> 0 | L48: =SUMIF(D48:J48,"450") -> 0 | M48: =SUM(K48:L48) -> 0 | N48: =450*5 -> 2250 | O48: =N48-M48 -> 2250 | P48: =O48/N48*100% -> 1 | T48: Vladimir Patio | U48: 2250
A49: Billing | B49: Joshua Joaquin | C49: IL | D49: P | E49: P | F49: P | G49: P | H49: P | I49: P | J49: RD | K49: =SUM(D49:J49) -> 0 | L49: =SUMIF(D49:J49,"450") -> 0 | M49: =SUM(K49:L49) -> 0 | N49: =450*5 -> 2250 | O49: =N49-M49 -> 2250 | P49: =O49/N49*100% -> 1 | T49: Grand Total | U49: 78451
A50: Billing | B50: Jouse Baquiran | C50: NJ | D50: P | E50: 1 | F50: P | G50: P | H50: P | I50: P | J50: RD | K50: =SUM(E50:I50) -> 1 | L50: =SUMIF(D50:J50,"450") -> 0 | M50: =SUM(K50:L50) -> 1 | N50: =450*5 -> 2250 | O50: =N50-M50 -> 2249 | P50: =O50/N50*100% -> 0.99955556
A51: Billing | B51: Julieann Manasan | C51: MA | D51: P | E51: P | F51: P | G51: P | H51: P | I51: P | J51: RD | K51: =SUM(D51:I51) -> 0 | L51: =SUMIF(D51:J51,"450") -> 0 | M51: =SUM(K51:L51) -> 0 | N51: =450*5 -> 2250 | O51: =N51-M51 -> 2250 | P51: =O51/N51*100% -> 1
A52: Rejection | B52: Jullyca Oblefias | C52: NY | D52: RD | E52: P | F52: P | G52: P | H52: P | I52: P | J52: RD | K52: =SUM(D52:J52) -> 0 | L52: =SUMIF(D52:J52,"450") -> 0 | M52: =SUM(K52:L52) -> 0 | N52: =450*5 -> 2250 | O52: =N52-M52 -> 2250 | P52: =O52/N52*100% -> 1
A53: Mpen | B53: Karl Solomon | C53: Multi | D53: RD | E53: 450 | F53: P | G53: P | H53: P | I53: P | J53: RD | K53: 0 | L53: =SUMIF(D53:J53,"450") -> 450 | M53: =SUM(K53:L53) -> 450 | N53: =450*5 -> 2250 | O53: =N53-M53 -> 1800 | P53: =O53/N53*100% -> 0.8
A54: Rejection | B54: Karlos De Leon | C54: NJ | D54: RD | E54: P | F54: P | G54: P | H54: P | I54: P | J54: RD | K54: =SUM(D54:J54) -> 0 | L54: =SUMIF(D54:J54,"450") -> 0 | M54: =SUM(K54:L54) -> 0 | N54: =450*5 -> 2250 | O54: =N54-M54 -> 2250 | P54: =O54/N54*100% -> 1
A55: Billing | B55: Kate Constantino | C55: KY | D55: P | E55: P | F55: P | G55: P | H55: P | I55: P | J55: RD | K55: =SUM(D55:I55) -> 0 | L55: =SUMIF(D55:J55,"450") -> 0 | M55: =SUM(K55:L55) -> 0 | N55: =450*5 -> 2250 | O55: =N55-M55 -> 2250 | P55: =O55/N55*100% -> 1
A56: Intake | B56: Katrina Go | C56: Multi | D56: RD | E56: RD | F56: P | G56: P | H56: P | I56: P | J56: P | K56: =SUM(D56:J56) -> 0 | L56: =SUMIF(D56:J56,"450") -> 0 | M56: =SUM(K56:L56) -> 0 | N56: =450*5 -> 2250 | O56: =N56-M56 -> 2250 | P56: =O56/N56*100% -> 1
A57: Rejection | B57: Kaxyleh Masilongan | C57: NY | D57: RD | E57: P | F57: 7 | G57: P | H57: P | I57: P | J57: RD | K57: =SUM(D57:J57) -> 7 | L57: =SUMIF(D57:J57,"450") -> 0 | M57: =SUM(K57:L57) -> 7 | N57: =450*5 -> 2250 | O57: =N57-M57 -> 2243 | P57: =O57/N57*100% -> 0.99688889
A58: Intake | B58: Kiana Brown | C58: Multi | D58: RD | E58: RD | F58: P | G58: P | H58: P | I58: P | J58: P | K58: =SUM(D58:J58) -> 0 | L58: =SUMIF(D58:J58,"450") -> 0 | M58: =SUM(K58:L58) -> 0 | N58: =450*5 -> 2250 | O58: =N58-M58 -> 2250 | P58: =O58/N58*100% -> 1
A59: Rejection | B59: Kizzy Serrano | C59: IL | D59: RD | E59: P | F59: P | G59: 3 | H59: P | I59: P | J59: RD | K59: =SUM(D59:J59) -> 3 | L59: =SUMIF(D59:J59,"450") -> 0 | M59: =SUM(K59:L59) -> 3 | N59: =450*5 -> 2250 | O59: =N59-M59 -> 2247 | P59: =O59/N59*100% -> 0.99866667
A60: Billing | B60: Kyzen Hayagan | C60: MA | D60: P | E60: 11 | F60: P | G60: P | H60: P | I60: P | J60: RD | K60: =SUM(D60:I60) -> 11 | L60: =SUMIF(D60:J60,"450") -> 0 | M60: =SUM(K60:L60) -> 11 | N60: =450*5 -> 2250 | O60: =N60-M60 -> 2239 | P60: =O60/N60*100% -> 0.99511111
A61: Billing | B61: Lea Alagadmo | C61: MA | D61: P | E61: P | F61: P | G61: P | H61: P | I61: P | J61: RD | K61: =SUM(D61:I61) -> 0 | L61: =SUMIF(D61:J61,"450") -> 0 | M61: =SUM(K61:L61) -> 0 | N61: =450*5 -> 2250 | O61: =N61-M61 -> 2250 | P61: =O61/N61*100% -> 1
A62: Mpen | B62: Leo Olesco | C62: Multi | D62: RD | E62: P | F62: P | G62: P | H62: P | I62: P | J62: RD | K62: 0 | L62: =SUMIF(D62:J62,"450") -> 0 | M62: =SUM(K62:L62) -> 0 | N62: =450*5 -> 2250 | O62: =N62-M62 -> 2250 | P62: =O62/N62*100% -> 1
A63: Billing | B63: Lorraine Cabantac | C63: NJ | D63: P | E63: P | F63: P | G63: P | H63: P | I63: P | J63: RD | K63: =SUM(E63:I63) -> 0 | L63: =SUMIF(D63:J63,"450") -> 0 | M63: =SUM(K63:L63) -> 0 | N63: =450*5 -> 2250 | O63: =N63-M63 -> 2250 | P63: =O63/N63*100% -> 1
A64: Billing | B64: Louis Cantillion | C64: NJ | D64: P | E64: P | F64: 2 | G64: 10 | H64: P | I64: P | J64: RD | K64: =SUM(E64:I64) -> 12 | L64: =SUMIF(D64:J64,"450") -> 0 | M64: =SUM(K64:L64) -> 12 | N64: =450*5 -> 2250 | O64: =N64-M64 -> 2238 | P64: =O64/N64*100% -> 0.99466667
A65: Rejection | B65: Margie Theres A Magluyan | C65: Multi | D65: P | E65: P | F65: P | G65: RD | H65: RD | I65: P | J65: P | K65: =SUM(D65:J65) -> 0 | L65: =SUMIF(D65:J65,"450") -> 0 | M65: =SUM(K65:L65) -> 0 | N65: =450*5 -> 2250 | O65: =N65-M65 -> 2250 | P65: =O65/N65*100% -> 1
A66: Billing | B66: Marion Vien Santos | C66: KY | D66: P | E66: 12 | F66: P | G66: 13 | H66: 3 | I66: 19 | J66: RD | K66: =SUM(D66:I66) -> 47 | L66: =SUMIF(D66:J66,"450") -> 0 | M66: =SUM(K66:L66) -> 47 | N66: =450*5 -> 2250 | O66: =N66-M66 -> 2203 | P66: =O66/N66*100% -> 0.97911111
A67: Billing | B67: Mark Bienes | C67: NY | D67: P | E67: P | F67: P | G67: P | H67: 270 | I67: P | J67: RD | K67: =SUM(D67:J67) -> 270 | L67: =SUMIF(D67:J67,"450") -> 0 | M67: =SUM(K67:L67) -> 270 | N67: =450*5 -> 2250 | O67: =N67-M67 -> 1980 | P67: =O67/N67*100% -> 0.88
A68: Billing | B68: Mark Frankie Pecolera | C68: IL | D68: P | E68: P | F68: P | G68: P | H68: P | I68: P | J68: RD | K68: =SUM(D68:J68) -> 0 | L68: =SUMIF(D68:J68,"450") -> 0 | M68: =SUM(K68:L68) -> 0 | N68: =450*5 -> 2250 | O68: =N68-M68 -> 2250 | P68: =O68/N68*100% -> 1
A69: Mpen | B69: Mark Metra | C69: Multi | D69: RD | E69: P | F69: 19 | G69: P | H69: P | I69: P | J69: RD | K69: 0 | L69: =SUMIF(D69:J69,"450") -> 0 | M69: =SUM(K69:L69) -> 0 | N69: =450*5 -> 2250 | O69: =N69-M69 -> 2250 | P69: =O69/N69*100% -> 1
A70: Rejection | B70: Mary Dela Cruz | C70: IL | D70: RD | E70: P | F70: P | G70: P | H70: P | I70: P | J70: RD | K70: =SUM(D70:J70) -> 0 | L70: =SUMIF(D70:J70,"450") -> 0 | M70: =SUM(K70:L70) -> 0 | N70: =450*5 -> 2250 | O70: =N70-M70 -> 2250 | P70: =O70/N70*100% -> 1
A71: Rejection | B71: Mary Kilario | C71: KY/IL | D71: RD | E71: P | F71: P | G71: P | H71: P | I71: P | J71: RD | K71: =SUM(D71:J71) -> 0 | L71: =SUMIF(D71:J71,"450") -> 0 | M71: =SUM(K71:L71) -> 0 | N71: =450*5 -> 2250 | O71: =N71-M71 -> 2250 | P71: =O71/N71*100% -> 1
A72: ALF | B72: Mayann Somera | C72: Multi | D72: RD | E72: P | F72: P | G72: P | H72: P | I72: P | J72: RD | K72: =SUM(E72:I72) -> 0 | L72: =SUMIF(D72:J72,"450") -> 0 | M72: =SUM(K72:L72) -> 0 | N72: =450*5 -> 2250 | O72: =N72-M72 -> 2250 | P72: =O72/N72*100% -> 1
A73: Billing | B73: Mherica Santos | C73: KY | D73: P | E73: 14 | F73: 18 | G73: 1 | H73: 3 | I73: P | J73: RD | K73: =SUM(D73:I73) -> 36 | L73: =SUMIF(D73:J73,"450") -> 0 | M73: =SUM(K73:L73) -> 36 | N73: =450*5 -> 2250 | O73: =N73-M73 -> 2214 | P73: =O73/N73*100% -> 0.984
A74: Rejection | B74: Mikaella Santos | C74: Multi | D74: P | E74: P | F74: RD | G74: RD | H74: P | I74: P | J74: P | K74: =SUM(D74:J74) -> 0 | L74: =SUMIF(D74:J74,"450") -> 0 | M74: =SUM(K74:L74) -> 0 | N74: =450*5 -> 2250 | O74: =N74-M74 -> 2250 | P74: =O74/N74*100% -> 1 | Q74: 1
A75: Intake | B75: Nerissa Ong | C75: Multi | D75: RD | E75: RD | F75: 270 | G75: 10 | H75: 17 | I75: P | J75: P | K75: =SUM(D75:J75) -> 297 | L75: =SUMIF(D75:J75,"450") -> 0 | M75: =SUM(K75:L75) -> 297 | N75: =450*5 -> 2250 | O75: =N75-M75 -> 1953 | P75: =O75/N75*100% -> 0.868
A76: Billing | B76: Noemi Landerito | C76: IL | D76: P | E76: P | F76: P | G76: 5 | H76: P | I76: P | J76: RD | K76: =SUM(D76:J76) -> 5 | L76: =SUMIF(D76:J76,"450") -> 0 | M76: =SUM(K76:L76) -> 5 | N76: =450*5 -> 2250 | O76: =N76-M76 -> 2245 | P76: =O76/N76*100% -> 0.99777778
A77: Billing | B77: Patricia Busio | C77: NJ | D77: RD | E77: P | F77: P | G77: P | H77: 11 | I77: P | J77: RD | K77: =SUM(E77:I77) -> 11 | L77: =SUMIF(D77:J77,"450") -> 0 | M77: =SUM(K77:L77) -> 11 | N77: =450*5 -> 2250 | O77: =N77-M77 -> 2239 | P77: =O77/N77*100% -> 0.99511111
A78: Billing | B78: Rafunzel M Manuel | C78: MA | D78: RD | E78: P | F78: 11 | G78: P | H78: 7 | I78: P | J78: RD | K78: =SUM(D78:I78) -> 18 | L78: =SUMIF(D78:J78,"450") -> 0 | M78: =SUM(K78:L78) -> 18 | N78: =450*5 -> 2250 | O78: =N78-M78 -> 2232 | P78: =O78/N78*100% -> 0.992
A79: Billing | B79: Raphael Macasocol | C79: IL | D79: RD | E79: P | F79: P | G79: P | H79: P | I79: P | J79: RD | K79: =SUM(D79:J79) -> 0 | L79: =SUMIF(D79:J79,"450") -> 0 | M79: =SUM(K79:L79) -> 0 | N79: =450*5 -> 2250 | O79: =N79-M79 -> 2250 | P79: =O79/N79*100% -> 1
A80: Intake | B80: Remaden Bautista | C80: Multi | D80: RD | E80: P | F80: P | G80: P | H80: 5 | I80: 298 | J80: P | K80: =SUM(D80:J80) -> 303 | L80: =SUMIF(D80:J80,"450") -> 0 | M80: =SUM(K80:L80) -> 303 | N80: =450*5 -> 2250 | O80: =N80-M80 -> 1947 | P80: =O80/N80*100% -> 0.86533333
A81: Rejection | B81: Rhona Sanejo | C81: KY | D81: P | E81: P | F81: P | G81: RD | H81: RD | I81: P | J81: P | K81: =SUM(D81:J81) -> 0 | L81: =SUMIF(D81:J81,"450") -> 0 | M81: =SUM(K81:L81) -> 0 | N81: =450*5 -> 2250 | O81: =N81-M81 -> 2250 | P81: =O81/N81*100% -> 1
A82: Billing | B82: Ricalyn Clarencio | C82: IL | D82: P | E82: 9 | F82: P | G82: 28 | H82: P | I82: P | J82: RD | K82: =SUM(D82:J82) -> 37 | L82: =SUMIF(D82:J82,"450") -> 0 | M82: =SUM(K82:L82) -> 37 | N82: =450*5 -> 2250 | O82: =N82-M82 -> 2213 | P82: =O82/N82*100% -> 0.98355556
A83: Billing | B83: Rosalinda Pantua | C83: MA | D83: RD | E83: MLOA | F83: MLOA | G83: MLOA | H83: MLOA | I83: MLOA | J83: RD | K83: =SUM(D83:I83) -> 0 | L83: =SUMIF(D83:J83,"450") -> 0 | M83: =SUM(K83:L83) -> 0 | N83: =450*5 -> 2250 | O83: =N83-M83 -> 2250 | P83: =O83/N83*100% -> 1
A84: Billing | B84: Roxinne Madolid | C84: IL | D84: P | E84: P | F84: P | G84: P | H84: P | I84: P | J84: RD | K84: 0 | L84: =SUMIF(D84:J84,"450") -> 0 | M84: =SUM(K84:L84) -> 0 | N84: =450*5 -> 2250 | O84: =N84-M84 -> 2250 | P84: =O84/N84*100% -> 1
A85: Rejection | B85: Rubyneil Abejero | C85: Multi | D85: RD | E85: P | F85: P | G85: P | H85: P | I85: P | J85: RD | K85: =SUM(D85:J85) -> 0 | L85: =SUMIF(D85:J85,"450") -> 0 | M85: =SUM(K85:L85) -> 0 | N85: =450*5 -> 2250 | O85: =N85-M85 -> 2250 | P85: =O85/N85*100% -> 1
A86: Rejection | B86: Ruth Dela Cruz | C86: KY/IL | D86: RD | E86: P | F86: P | G86: P | H86: P | I86: P | J86: RD | K86: =SUM(D86:J86) -> 0 | L86: =SUMIF(D86:J86,"450") -> 0 | M86: =SUM(K86:L86) -> 0 | N86: =450*5 -> 2250 | O86: =N86-M86 -> 2250 | P86: =O86/N86*100% -> 1
A87: Billing | B87: Ryan Rillo | C87: KY | D87: RD | E87: P | F87: 450 | G87: P | H87: 1 | I87: P | J87: RD | K87: =H87 -> 1 | L87: =SUMIF(D87:J87,"450") -> 450 | M87: =SUM(K87:L87) -> 451 | N87: =450*5 -> 2250 | O87: =N87-M87 -> 1799 | P87: =O87/N87*100% -> 0.79955556
A88: Rejection | B88: Sandarah Cruz | C88: IL | D88: RD | E88: 2 | F88: P | G88: P | H88: P | I88: P | J88: RD | K88: =SUM(D88:J88) -> 2 | L88: =SUMIF(D88:J88,"450") -> 0 | M88: =SUM(K88:L88) -> 2 | N88: =450*5 -> 2250 | O88: =N88-M88 -> 2248 | P88: =O88/N88*100% -> 0.99911111
A89: Billing | B89: Sean Edulan | C89: NJ | D89: P | E89: P | F89: P | G89: LWOP | H89: P | I89: P | J89: RD | K89: =SUM(E89:I89) -> 0 | L89: =SUMIF(D89:J89,"450") -> 0 | M89: =SUM(K89:L89) -> 0 | N89: =450*4 -> 1800 | O89: =N89-M89 -> 1800 | P89: =O89/N89*100% -> 1 | R89: 1
A90: Billing | B90: Stephanie Del Rosario | C90: NJ | D90: RD | E90: P | F90: P | G90: P | H90: P | I90: 3 | J90: RD | K90: =SUM(E90:I90) -> 3 | L90: =SUMIF(D90:J90,"450") -> 0 | M90: =SUM(K90:L90) -> 3 | N90: =450*5 -> 2250 | O90: =N90-M90 -> 2247 | P90: =O90/N90*100% -> 0.99866667
A91: Billing | B91: Syra Jade Yaranon | C91: NY | D91: P | E91: P | F91: P | G91: P | H91: 3 | I91: P | J91: RD | K91: =SUM(D91:J91) -> 3 | L91: =SUMIF(D91:J91,"450") -> 0 | M91: =SUM(K91:L91) -> 3 | N91: =450*5 -> 2250 | O91: =N91-M91 -> 2247 | P91: =O91/N91*100% -> 0.99866667
A92: Billing | B92: Theresa Ma Alvaro | C92: NJ | D92: RD | E92: P | F92: P | G92: P | H92: 18 | I92: P | J92: RD | K92: =SUM(E92:I92) -> 18 | L92: =SUMIF(D92:J92,"450") -> 0 | M92: =SUM(K92:L92) -> 18 | N92: =450*5 -> 2250 | O92: =N92-M92 -> 2232 | P92: =O92/N92*100% -> 0.992
A93: Rejection | B93: Tricia Galsim | C93: NJ | D93: RD | E93: 450 | F93: 15 | G93: 7 | H93: 14 | I93: P | J93: RD | K93: =SUM(D93:J93) -> 486 | L93: =SUMIF(D93:J93,"450") -> 450 | M93: =SUM(K93:L93) -> 936 | N93: =450*5 -> 2250 | O93: =N93-M93 -> 1314 | P93: =O93/N93*100% -> 0.584
A94: Billing | B94: Vianka Ylaine Ortiz | C94: NY | D94: P | E94: P | F94: P | G94: P | H94: P | I94: P | J94: RD | K94: =SUM(D94:J94) -> 0 | L94: =SUMIF(D94:J94,"450") -> 0 | M94: =SUM(K94:L94) -> 0 | N94: =450*5 -> 2250 | O94: =N94-M94 -> 2250 | P94: =O94/N94*100% -> 1
A95: Rejection | B95: Vincent Paolo Villasenor | C95: Multi | D95: RD | E95: 35 | F95: 11 | G95: 8 | H95: 44 | I95: P | J95: RD | K95: =SUM(D95:J95) -> 98 | L95: =SUMIF(D95:J95,"450") -> 0 | M95: =SUM(K95:L95) -> 98 | N95: =450*5 -> 2250 | O95: =N95-M95 -> 2152 | P95: =O95/N95*100% -> 0.95644444
A96: Rejection | B96: Vladimir Patio | C96: Multi | D96: RD | E96: PTO | F96: P | G96: P | H96: P | I96: P | J96: RD | K96: =SUM(D96:J96) -> 0 | L96: =SUMIF(D96:J96,"450") -> 0 | M96: =SUM(K96:L96) -> 0 | N96: =450*5 -> 2250 | O96: =N96-M96 -> 2250 | P96: =O96/N96*100% -> 1
A97: Billing | B97: Xenrel Mae O Dacubar | C97: NY | D97: RD | E97: P | F97: 4 | G97: P | H97: P | I97: P | J97: RD | K97: =SUM(D97:J97) -> 4 | L97: =SUMIF(D97:J97,"450") -> 0 | M97: =SUM(K97:L97) -> 4 | N97: =450*5 -> 2250 | O97: =N97-M97 -> 2246 | P97: =O97/N97*100% -> 0.99822222
K98: =SUM(K2:K97) -> 2362 | L98: =SUM(L2:L97) -> 3150 | M98: =SUM(M2:M97) -> 5512 | N98: =SUM(N2:N97) -> 215100 | O98: =SUM(O2:O97) -> 209588 | P98: =AVERAGE(P2:P97) -> 0.97448148
K100: =K98/N98*100% -> 0.010980939 | L100: =L98/N98*100% -> 0.014644351 | M100: =M98/N98*100% -> 0.025625291

Sheet May Absenteeism
A3: Row Labels | B3: Sum of Target | C3: Sum of Tardiness | D3: Sum of Absences | I3: Row Labels | J3: Sum of Target | K3: Sum of Tardiness | L3: Sum of Absences
A4: Billing | B4: 480600 | C4: 4451 | D4: 35640 | I4: Billing | J4: 427140 | K4: 3915 | L4: 31320
A5: Intake | B5: 118260 | C5: 1304 | D5: 4320 | I5: Eldrick Loreno | J5: 45900 | K5: 397 | L5: 2700
A6: Mpen | B6: 78300 | C6: 105 | D6: 3780 | I6: Jason Cruz | J6: 103140 | K6: 521 | L6: 8640
A7: Rejection | B7: 443880 | C7: 2903 | D7: 31320 | I7: Kate Constantino | J7: 78300 | K7: 820 | L7: 5940
A8: (blank) | I8: Louis Cantillion | J8: 93420 | K8: 1092 | L8: 9180
A9: Grand Total | B9: 1121040 | C9: 8763 | D9: 75060 | I9: Noemi Landerito | J9: 106380 | K9: 1085 | L9: 4860
I10: Intake | J10: 105840 | K10: 1304 | L10: 4320
A11: Row Labels | B11: Sum of Target | C11: Sum of Tardiness | D11: Average | E11: Sum of Absences | F11: Average | I11: Kiana Brown | J11: 105840 | K11: 1304 | L11: 4320
A12: Billing | B12: 427140 | C12: 3915 | D12: =C12/B12 -> 0.0091656131 | E12: 31320 | F12: =E12/B12 -> 0.073324905 | I12: Mpen | J12: 66960 | K12: 96 | L12: 3240
A13: Intake | B13: 105840 | C13: 1304 | D13: =C13/B13 -> 0.012320484 | E13: 3780 | F13: =E13/B13 -> 0.035714286 | I13: Hans Ruan | J13: 66960 | K13: 96 | L13: 3240
A14: Mpen | B14: 66960 | C14: 96 | D14: =C14/B14 -> 0.0014336918 | E14: 3240 | F14: =E14/B14 -> 0.048387097 | I14: Rejection | J14: 421200 | K14: 2896 | L14: 30780
A15: Rejection | B15: 421200 | C15: 2896 | D15: =C15/B15 -> 0.0068755935 | E15: 30780 | F15: =E15/B15 -> 0.073076923 | I15: Edmark Bania | J15: 199260 | K15: 905 | L15: 14040
A16: Grand Total | B16: 1021140 | C16: 8211 | D16: =C16/B16 -> 0.008041013 | E16: 69120 | F16: =E16/B16 -> 0.067689053 | I16: Vladimir Patio | J16: 221940 | K16: 1991 | L16: 16740
I17: Grand Total | J17: 1021140 | K17: 8211 | L17: 69660
A20: Row Labels | B20: Sum of SL | C20: Sum of Absent | D20: Sum of VL | E20: Sum of LWOP | I20: Department/Team Lead | J20: Total Sick Leave | K20: Total Other/Absences | L20: Total Vacation Leave | M20: Total Leave without Pay
A21: Billing | B21: 25 | C21: 31 | D21: 13 | E21: 12 | I21: Billing | J21: 25 | K21: 31 | L21: 13 | M21: 12
A22: Eldrick Loreno | B22: 5 | D22: 2 | E22: 1 | I22: Eldrick Loreno | J22: 5 | L22: 2 | M22: 1
A23: Jason Cruz | B23: 10 | C23: 6 | D23: 5 | E23: 2 | I23: Jason Cruz | J23: 10 | K23: 6 | L23: 5 | M23: 2
A24: Kate Constantino | B24: 4 | C24: 7 | D24: 3 | E24: 4 | I24: Kate Constantino | J24: 4 | K24: 7 | L24: 3 | M24: 4
A25: Louis Cantillion | B25: 5 | C25: 11 | E25: 3 | I25: Louis Cantillion | J25: 5 | K25: 11 | M25: 3
A26: Noemi Landerito | B26: 1 | C26: 7 | D26: 3 | E26: 2 | I26: Noemi Landerito | J26: 1 | K26: 7 | L26: 3 | M26: 2
A27: Intake | B27: 6 | C27: 2 | E27: 2 | I27: Intake | J27: 6 | K27: 2 | M27: 2
A28: Kiana Brown | B28: 6 | C28: 2 | E28: 2 | I28: Kiana Brown | J28: 6 | K28: 2 | M28: 2
A29: Mpen | B29: 4 | C29: 2 | D29: 5 | E29: 3 | I29: Medicaid Pending | J29: 4 | K29: 2 | L29: 5 | M29: 3
A30: Hans Ruan | B30: 4 | C30: 2 | D30: 5 | E30: 3 | I30: Hans Ruan | J30: 4 | K30: 2 | L30: 5 | M30: 3
A31: Rejection | B31: 37 | C31: 20 | D31: 7 | E31: 5 | I31: Rejection | J31: 37 | K31: 20 | L31: 7 | M31: 5
A32: Edmark Bania | B32: 25 | C32: 1 | D32: 3 | I32: Edmark Bania | J32: 25 | K32: 1 | L32: 3
A33: Vladimir Patio | B33: 12 | C33: 19 | D33: 4 | E33: 5 | I33: Vladimir Patio | J33: 12 | K33: 19 | L33: 4 | M33: 5
A34: Grand Total | B34: 72 | C34: 55 | D34: 25 | E34: 22 | I34: Grand Total | J34: 72 | K34: 55 | L34: 25 | M34: 22

Sheet May Report
J2: Row Labels | K2: Average of Attendance | M2: Row Labels | N2: Average of Attendance | P2: Row Labels | Q2: Average of Attendance
A3: Row Labels | B3: Average of Attendance | J3: Billing | K3: 0.91663602 | M3: Intake | N3: 0.95240924 | P3: Rejection | Q3: 0.92307878
A4: Billing | B4: 0.91663602 | J4: Eldrick Loreno | K4: 0.93316679 | M4: Kiana Brown | N4: 0.94712137 | P4: Edmark Bania | Q4: 0.92495614
A5: Intake | B5: 0.95240924 | J5: Mark Bienes | K5: 0.97878788 | M5: Angelica Bautista | N5: 0.90968013 | P5: Andrea Fonacier | Q5: 0.99739057
A6: Mpen | B6: 0.94771587 | J6: Syra Jade Yaranon | K6: 0.89983165 | M6: Ar Jean Tudtud | N6: 0.9993266 | P6: Audrey De Leon | Q6: 0.9
A7: Rejection | B7: 0.92307878 | J7: Vianka Ylaine Ortiz | K7: 0.99981481 | M7: Collen Silapan | N7: 0.9957672 | P7: Eunice Padadnan | Q7: 0.99991582
A8: Grand Total | B8: 0.92509083 | J8: Xenrel Mae O Dacubar | K8: 0.8542328 | M8: Hazelyn Rodrigo | N8: 0.97354497 | P8: Jeannie Bajaro | Q8: 0.95238095
J9: Jason Cruz | K9: 0.91008312 | M9: Isabela Arellano | N9: 0.97328042 | P9: Jericho Crame | Q9: 1
J10: Ethel Gregorio | K10: 0.84368687 | M10: Josea Aseron | N10: 0.99774557 | P10: Jester Limpin | Q10: 0.85488215
A11: Average of Attendance | B11: Column Labels | J11: Eunice Bargo | K11: 0.94806397 | M11: Katrina Go | N11: 0.95454545 | P11: Jonathan Marquez | Q11: 0.99048822
A12: Row Labels | B12: Eldrick Loreno | C12: Jason Cruz | D12: Kate Constantino | E12: Louis Cantillion | F12: Noemi Landerito | G12: Grand Total | J12: Gladys Astilla | K12: 0.99781145 | M12: Nerissa Ong | N12: 0.72382155 | P12: Jullyca Oblefias | Q12: 1
A13: Billing | B13: 0.93316679 | C13: 0.91008312 | D13: 0.91690078 | E13: 0.8902417 | F13: 0.943054 | G13: 0.91759839 | J13: Jimwell Osiang | K13: 0.99461279 | M13: Remaden Bautista | N13: 0.99638047 | P13: Karlos De Leon | Q13: 0.5
A14: Grand Total | B14: 0.93316679 | C14: 0.91008312 | D14: 0.91690078 | E14: 0.8902417 | F14: 0.943054 | G14: 0.91759839 | J14: Julieann Manasan | K14: 0.80952381 | M14: Rhoda De Jesus | N14: 1 | P14: Kaxyleh Masilongan | Q14: 0.99671717
J15: Kyzen Hayagan | K15: 0.90816498 | M15: Kiana Brown | N15: 1 | P15: Kizzy Serrano | Q15: 0.90345118
A16: Average of Attendance | B16: Column Labels | J16: Lea Alagadmo | K16: 0.93816872 | M16: Grand Total | N16: 0.95240924 | P16: Margie Theres A Magluyan | Q16: 0.96186869
A17: Row Labels | B17: Hans Ruan | C17: Kiana Brown | D17: Grand Total | J17: Rafunzel M Manuel | K17: 0.95117845 | P17: Mary Dela Cruz | Q17: 1
A18: Intake | C18: 0.94712137 | D18: 0.94712137 | J18: Rosalinda Pantua | K18: 0.79953704 | M18: Row Labels | N18: Average of Attendance | P18: Rhona Sanejo | Q18: 1
A19: Mpen | B19: 0.94707063 | D19: 0.94707063 | J19: Kate Constantino | K19: 0.91690078 | M19: Mpen | N19: 0.94771587 | P19: Rubyneil Abejero | Q19: 0.9983165
A20: Grand Total | B20: 0.94707063 | C20: 0.94712137 | D20: 0.94710108 | J20: Alexandra Ortiz | K20: 0.85 | M20: Hans Ruan | N20: 0.94707063 | P20: Ruth Dela Cruz | Q20: 0.85714286
J21: Anthea Ann Lumen | K21: 0.99638448 | M21: Erika Ramos | N21: 0.9986532 | P21: Sandarah Cruz | Q21: 0.81170034
A22: Average of Attendance | B22: Column Labels | J22: Anthony Valdez | K22: 0.94736842 | M22: Jewel Mondina | N22: 0.95454545 | P22: Rhoda De Jesus | Q22: 0.97470539
A23: Row Labels | B23: Edmark Bania | C23: Vladimir Patio | D23: Grand Total | J23: Johnella Lopez | K23: 0.94107744 | M23: Karl Solomon | N23: 0.99657407 | P23: Edmark Bania | Q23: 0.95
A24: Rejection | B24: 0.92495614 | C24: 0.91596466 | D24: 0.92021064 | J24: Marion Vien Santos | K24: 0.76885522 | M24: Leo Olesco | N24: 1 | P24: Vladimir Patio | Q24: 0.99941077
A25: Grand Total | B25: 0.92495614 | C25: 0.91596466 | D25: 0.92021064 | J25: Mherica Santos | K25: 0.9962963 | M25: Mark Metra | N25: 0.73265107 | P25: Vladimir Patio | Q25: 0.91596466
J26: Ryan Rillo | K26: 0.91832359 | M26: Mayann Somera | N26: 1 | P26: Alyssa DeGuzman | Q26: 0.93249158
J27: Louis Cantillion | K27: 0.8902417 | M27: Rhoda De Jesus | N27: 0.9515873 | P27: Analyn Caniedo | Q27: 0.92306397
J28: Analyn Diaz | K28: 0.81548822 | M28: Hans Ruan | N28: 0.9515873 | P28: Arah Blancia | Q28: 0.86363636
J29: Angelo Agron | K29: 0.80714286 | M29: Grand Total | N29: 0.94771587 | P29: Avril Rie Son | Q29: 0.95084175
J30: Jesslyn Gatbunton | K30: 0.95917508 | P30: Bea Mercado | Q30: 0.9047619
J31: Lorraine Cabantac | K31: 0.89074074 | P31: Charlene Valdez | Q31: 0.9506734
J32: Patricia Busio | K32: 0.94964727 | P32: Charyselle Cadelina | Q32: 0.90664983
J33: Sean Edulan | K33: 0.94797178 | P33: Danielle Generao | Q33: 0.88203704
J34: Stephanie Del Rosario | K34: 0.86052189 | P34: Francis Alba | Q34: 0.94611111
J35: Theresa Ma Alvaro | K35: 0.89124579 | P35: Glessie DeJesus | Q35: 0.86363636
J36: Noemi Landerito | K36: 0.943054 | P36: Hanna Arceo | Q36: 0.90311448
J37: Femie DC Domenden | K37: 0.99671717 | P37: Iris Dahnielle Andalleon | Q37: 0.99920635
J38: Francis Narboneta | K38: 0.73395062 | P38: Jean Tan | Q38: 0.95446128
J39: Glory Nabayra | K39: 0.95260943 | P39: Jizelle Delos Reyes | Q39: 0.95454545
J40: Iverson Libranda | K40: 0.94183502 | P40: Joanna Cabrera | Q40: 0.93695286
J41: Joshua Joaquin | K41: 0.99991582 | P41: Mary Kilario | Q41: 0.95429293
... J45: Roxinne Madolid | K45: 1 | P45: Grand Total | Q45: 0.92307878
J46: Rhoda De Jesus | K46: 0.90951453
J47: Eldrick Loreno | K47: 0.85389864
J48: Jason Cruz | K48: 0.94590643
J49: Kate Constantino | K49: 0.9460039
J50: Louis Cantillion | K50: 0.99867725
J51: Noemi Landerito | K51: 0.80308642
J52: Grand Total | K52: 0.91663602

Sheet MWeek 1
A1: Department | B1: Full Name | C1: State | D1: Thursday | E1: Friday | F1: Saturday | G1: Sunday | H1: Monday | I1: Tuesday | J1: Wednesday | K1: Thursday | L1: Friday | M1: Saturday | N1: Tardiness | O1: Absences | P1: Lost Hours | Q1: Target | R1: Completed | S1: Attendance | T1: VL | U1: LWOP | W1: Row Labels | X1: Sum of Tardiness | Y1: Sum of Absences | Z1: Sum of Completed | AA1: Sum of Target
A2: Billing | B2: Alexandra Ortiz | C2: KY | D2: 30 | E2: 97 | F2: RD | G2: RD | H2: P | I2: P | J2: P | K2: 47 | L2: P | M2: RD | N2: =SUM(D2,E2,K2) -> 174 | P2: =SUM(N2:O2) -> 174 | Q2: =450*7 -> 3150 | R2: =Q2-P2 -> 2976 | S2: =R2/Q2*100% -> 0.9447619 | W2: ALF | X2: 0 | Y2: 0 | Z2: 3150 | AA2: 3150
A3: Rejection | B3: Alyssa DeGuzman | C3: KY | D3: 12 | E3: P | F3: P | G3: P | H3: 450 | I3: RD | J3: RD | K3: 40 | L3: 30 | M3: P | N3: =SUM(D3,K3,L3) -> 82 | O3: =SUMIF(D3:M3,"540") -> 0 | P3: =SUM(N3:O3) -> 82 | Q3: =450*8 -> 3600 | R3: =Q3-P3 -> 3518 | S3: =R3/Q3*100% -> 0.97722222 | W3: Billing | X3: 2073 | Y3: 0 | Z3: 132027 | AA3: 134100
A4: Rejection | B4: Analyn Caniedo | C4: IL | D4: p | E4: 127 | F4: RD | G4: RD | H4: 450 | I4: RD | J4: RD | K4: 14 | L4: 4 | M4: 82 | N4: =SUM(E4,K4,L4,) -> 145 | O4: =SUMIF(D4:M4,"540") -> 0 | P4: =SUM(N4:O4) -> 145 | Q4: =450*6 -> 2700 | R4: =Q4-P4 -> 2555 | S4: =R4/Q4*100% -> 0.9462963 | W4: Intake | X4: 82 | Y4: 0 | Z4: 31418 | AA4: 31500
A5: Billing | B5: Analyn Diaz | C5: NJ | D5: P | E5: 15 | F5: RD | G5: RD | H5: P | I5: P | J5: P | K5: P | L5: 450 | M5: RD | N5: =E5 -> 15 | O5: =SUMIF(D5:M5,"540") -> 0 | P5: =SUM(N5:O5) -> 15 | Q5: =450*7 -> 3150 | R5: =Q5-P5 -> 3135 | S5: =R5/Q5*100% -> 0.9952381 | W5: Mpen | X5: 36 | Y5: 0 | Z5: 12114 | AA5: 12150
A6: Rejection | B6: Andrea Fonacier | C6: KY/IL | D6: P | E6: P | F6: RD | G6: RD | H6: P | I6: 4 | J6: P | K6: P | L6: 2 | M6: RD | N6: =SUM(I6,L6) -> 6 | P6: =SUM(N6:O6) -> 6 | Q6: =450*7 -> 3150 | R6: =Q6-P6 -> 3144 | S6: =R6/Q6*100% -> 0.99809524 | W6: Rebill | X6: 0 | Y6: 0 | Z6: 6300 | AA6: 6300
A7: Intake | B7: Angelica Bautista | C7: Multi | D7: RD | E7: RD | F7: P | G7: 47 | H7: P | I7: P | J7: P | K7: RD | L7: RD | M7: P | N7: =SUM(D7:M7) -> 47 | O7: =SUMIF(D7:M7,"540") -> 0 | P7: =SUM(N7:O7) -> 47 | Q7: =450*6 -> 2700 | R7: =Q7-P7 -> 2653 | S7: =R7/Q7*100% -> 0.98259259 | W7: Rejection | X7: 1012 | Y7: 0 | Z7: 119138 | AA7: 120150
A8: Billing | B8: Angelo Agron | C8: NJ | D8: P | E8: 450 | F8: RD | G8: RD | H8: P | I8: P | J8: P | K8: P | L8: P | M8: RD | N8: 0 | O8: =SUMIF(D8:M8,"540") -> 0 | P8: =SUM(N8:O8) -> 0 | Q8: =450*7 -> 3150 | R8: =Q8-P8 -> 3150 | S8: =R8/Q8*100% -> 1 | W8: Grand Total | X8: 3203 | Y8: 0 | Z8: 304147 | AA8: 307350
A9: Billing | B9: Anthea Ann Lumen | C9: KY | D9: P | E9: P | F9: RD | G9: RD | H9: P | I9: P | J9: P | K9: 10 | L9: P | M9: RD | N9: =K9 -> 10 | P9: =SUM(N9:O9) -> 10 | Q9: =450*7 -> 3150 | R9: =Q9-P9 -> 3140 | S9: =R9/Q9*100% -> 0.9968254
A10: Billing | B10: Anthony Valdez | C10: KY | D10: P | E10: P | F10: RD | G10: RD | H10: P | I10: P | J10: P | K10: P | L10: P | M10: RD | N10: 0 | O10: =SUMIF(D10:M10,"540") -> 0 | P10: =SUM(N10:O10) -> 0 | Q10: =450*7 -> 3150 | R10: =Q10-P10 -> 3150 | S10: =R10/Q10*100% -> 1
A11: Intake | B11: Ar Jean Tudtud | C11: Multi | D11: RD | E11: RD | F11: P | G11: P | H11: P | I11: P | J11: P | K11: RD | L11: RD | M11: P | N11: 0 | O11: =SUMIF(D11:M11,"540") -> 0 | P11: =SUM(N11:O11) -> 0 | Q11: =450*6 -> 2700 | R11: =Q11-P11 -> 2700 | S11: =R11/Q11*100% -> 1
A12: Rejection | B12: Arah Blancia | C12: IL | D12: RD | E12: P | F12: P | G12: P | H12: P | I12: 450 | J12: RD | K12: RD | L12: 450 | M12: P | N12: 0 | O12: =SUMIF(D12:M12,"540") -> 0 | P12: =SUM(N12:O12) -> 0 | Q12: =450*7 -> 3150 | R12: =Q12-P12 -> 3150 | S12: =R12/Q12*100% -> 1
A13: Rejection | B13: Audrey De Leon | C13: NJ | D13: P | E13: P | F13: RD | G13: RD | H13: P | I13: P | J13: P | K13: P | L13: RD | M13: RD | N13: 0 | O13: =SUMIF(D13:M13,"540") -> 0 | P13: =SUM(N13:O13) -> 0 | Q13: =450*7 -> 3150 | R13: =Q13-P13 -> 3150 | S13: =R13/Q13*100% -> 1
A14: Rejection | B14: Avril Rie Son | C14: NJ | D14: P | E14: P | F14: RD | G14: RD | H14: RD | I14: P | J14: P | K14: 5 | L14: P | M14: RD | N14: =K14 -> 5 | P14: =SUM(N14:O14) -> 5 | Q14: =450*7 -> 3150 | R14: =Q14-P14 -> 3145 | S14: =R14/Q14*100% -> 0.9984127
A15: Rejection | B15: Bea Mercado | C15: NJ | D15: P | E15: P | F15: RD | G15: RD | H15: P | I15: P | J15: P | K15: P | L15: LWOP | M15: RD | N15: 0 | O15: =SUMIF(D15:M15,"540") -> 0 | P15: =SUM(N15:O15) -> 0 | Q15: =450*6 -> 2700 | R15: =Q15-P15 -> 2700 | S15: =R15/Q15*100% -> 1 | U15: 1
A16: Rejection | B16: Charlene Valdez | C16: MA/NY/NJ (KY/IL) | D16: P | E16: P | F16: RD | G16: RD | H16: P | I16: 6 | J16: P | K16: P | L16: P | M16: RD | N16: =I16 -> 6 | P16: =SUM(N16:O16) -> 6 | Q16: =450*7 -> 3150 | R16: =Q16-P16 -> 3144 | S16: =R16/Q16*100% -> 0.99809524
A17: Rejection | B17: Charyselle Cadelina | C17: KY | D17: P | E17: 10 | F17: P | G17: P | H17: P | I17: P | J17: P | K17: P | L17: RD | M17: RD | N17: =SUM(D17:M17) -> 10 | O17: =SUMIF(D17:M17,"540") -> 0 | P17: =SUM(N17:O17) -> 10 | Q17: =450*8 -> 3600 | R17: =Q17-P17 -> 3590 | S17: =R17/Q17*100% -> 0.99722222
A18: Intake | B18: Collen Silapan | C18: Multi | D18: RD | E18: P | F18: P | G18: P | H18: P | I18: P | J18: RD | K18: RD | L18: 11 | M18: P | N18: =SUM(D18:M18) -> 11 | O18: =SUMIF(D18:M18,"540") -> 0 | P18: =SUM(N18:O18) -> 11 | Q18: =450*7 -> 3150 | R18: =Q18-P18 -> 3139 | S18: =R18/Q18*100% -> 0.99650794
A19: Rejection | B19: Danielle Generao | C19: KY | D19: P | E19: 28 | F19: RD | G19: RD | H19: 450 | I19: 8 | J19: 4 | K19: 2 | L19: 450 | M19: RD | N19: =SUM(E19,I19:K20) -> 42 | O19: =SUMIF(D19:M19,"540") -> 0 | P19: =SUM(N19:O19) -> 42 | Q19: =450*7 -> 3150 | R19: =Q19-P19 -> 3108 | S19: =R19/Q19*100% -> 0.98666667
A20: Rejection | B20: Edmark Bania | C20: Multi | D20: P | E20: VL | F20: VL | G20: RD | H20: RD | I20: P | J20: P | K20: P | L20: P | M20: RD | N20: 0 | O20: =SUMIF(D20:M20,"540") -> 0 | P20: =SUM(N20:O20) -> 0 | Q20: =450*5 -> 2250 | R20: =Q20-P20 -> 2250 | S20: =R20/Q20*100% -> 1 | T20: 2
A21: Billing | B21: Eldrick Loreno | C21: NY | D21: P | E21: 328 | F21: RD | G21: RD | H21: VL | I21: P | J21: P | K21: P | L21: 30 | M21: RD | N21: =SUM(E21,L21) -> 358 | P21: =SUM(N21:O21) -> 358 | Q21: =450*6 -> 2700 | R21: =Q21-P21 -> 2342 | S21: =R21/Q21*100% -> 0.86740741 | T21: 1
A22: Rebill | B22: Erika Ramos | C22: Multi | D22: P | E22: P | F22: RD | G22: RD | H22: P | I22: P | J22: P | K22: P | L22: P | M22: RD | N22: 0 | O22: =SUMIF(D22:M22,"540") -> 0 | P22: =SUM(N22:O22) -> 0 | Q22: =450*7 -> 3150 | R22: =Q22-P22 -> 3150 | S22: =R22/Q22*100% -> 1
A23: Billing | B23: Ethel Gregorio | C23: MA | D23: 450 | E23: 19 | F23: RD | G23: RD | H23: P | I23: 450 | J23: P | K23: 9 | L23: 27 | M23: RD | N23: =SUM(E23,K23,L23) -> 55 | O23: =SUMIF(D23:M23,"540") -> 0 | P23: =SUM(N23:O23) -> 55 | Q23: =450*7 -> 3150 | R23: =Q23-P23 -> 3095 | S23: =R23/Q23*100% -> 0.98253968
A24: Billing | B24: Eunice Bargo | C24: MA | D24: 6 | E24: 19 | F24: RD | G24: RD | H24: 450 | I24: 9 | J24: P | K24: P | L24: 2 | M24: RD | N24: =SUM(D24,E24,I24,L24) -> 36 | O24: =SUMIF(D24:M24,"540") -> 0 | P24: =SUM(N24:O24) -> 36 | Q24: =450*7 -> 3150 | R24: =Q24-P24 -> 3114 | S24: =R24/Q24*100% -> 0.98857143
A25: Rejection | B25: Eunice Padadnan | C25: NY | D25: RD | E25: P | F25: P | G25: P | H25: P | I25: RD | J25: P | K25: P | L25: P | M25: P | N25: 0 | O25: =SUMIF(D25:M25,"540") -> 0 | P25: =SUM(N25:O25) -> 0 | Q25: =450*8 -> 3600 | R25: =Q25-P25 -> 3600 | S25: =R25/Q25*100% -> 1
A26: Billing | B26: Femie DC Domenden | C26: IL | D26: P | E26: 1 | F26: RD | G26: RD | H26: P | I26: P | J26: P | K26: P | L26: 35 | M26: RD | N26: =SUM(E26,L26) -> 36 | O26: =SUMIF(D26:M26,"540") -> 0 | P26: =SUM(N26:O26) -> 36 | Q26: =450*7 -> 3150 | R26: =Q26-P26 -> 3114 | S26: =R26/Q26*100% -> 0.98857143
A27: Rejection | B27: Francis Alba | C27: Multi | D27: P | E27: VL | F27: RD | G27: RD | H27: VL | I27: 40 | J27: P | K27: P | L27: P | M27: RD | N27: =SUM(I27) -> 40 | O27: =SUMIF(D27:M27,"540") -> 0 | P27: =SUM(N27:O27) -> 40 | Q27: =450*5 -> 2250 | R27: =Q27-P27 -> 2210 | S27: =R27/Q27*100% -> 0.98222222 | T27: 2
A28: Billing | B28: Francis Narboneta | C28: IL | D28: P | E28: 299 | F28: RD | G28: RD | H28: P | I28: 17 | J28: 1 | K28: 450 | L28: 450 | M28: RD | N28: =SUM(E28,I28,J28) -> 317 | O28: =SUMIF(D28:M28,"540") -> 0 | P28: =SUM(N28:O28) -> 317 | Q28: =450*7 -> 3150 | R28: =Q28-P28 -> 2833 | S28: =R28/Q28*100% -> 0.89936508
A29: Billing | B29: Gladys Astilla | C29: MA | D29: P | E29: 12 | F29: RD | G29: RD | H29: P | I29: P | J29: P | K29: P | L29: P | M29: RD | N29: =E29 -> 12 | O29: =SUMIF(D29:M29,"540") -> 0 | P29: =SUM(N29:O29) -> 12 | Q29: =450*7 -> 3150 | R29: =Q29-P29 -> 3138 | S29: =R29/Q29*100% -> 0.99619048
A30: Rejection | B30: Glessie DeJesus | C30: KY | D30: P | E30: P | F30: RD | G30: RD | H30: P | I30: P | J30: P | K30: P | L30: P | M30: RD | N30: 0 | O30: =SUMIF(D30:M30,"540") -> 0 | P30: =SUM(N30:O30) -> 0 | Q30: =450*7 -> 3150 | R30: =Q30-P30 -> 3150 | S30: =R30/Q30*100% -> 1
A31: Billing | B31: Glory Nabayra | C31: IL | D31: 8 | E31: P | F31: RD | G31: RD | H31: P | I31: P | J31: P | K31: P | L31: P | M31: RD | N31: =D31 -> 8 | O31: =SUMIF(D31:M31,"540") -> 0 | P31: =SUM(N31:O31) -> 8 | Q31: =450*7 -> 3150 | R31: =Q31-P31 -> 3142 | S31: =R31/Q31*100% -> 0.99746032
A32: Rejection | B32: Hanna Arceo | C32: KY | D32: P | E32: P | F32: RD | G32: RD | H32: 450 | I32: P | J32: P | K32: 4 | L32: 12 | M32: RD | N32: =SUM(K32,L32) -> 16 | O32: =SUMIF(D32:M32,"540") -> 0 | P32: =SUM(N32:O32) -> 16 | Q32: =450*7 -> 3150 | R32: =Q32-P32 -> 3134 | S32: =R32/Q32*100% -> 0.99492063
A33: Mpen | B33: Hans Ruan | C33: Multi | D33: P | E33: P | F33: RD | G33: RD | H33: P | I33: P | J33: P | K33: P | L33: P | M33: RD | N33: 0 | O33: =SUMIF(D33:M33,"540") -> 0 | P33: =SUM(N33:O33) -> 0 | Q33: =450*7 -> 3150 | R33: =Q33-P33 -> 3150 | S33: =R33/Q33*100% -> 1
A34: Intake | B34: Hazelyn Rodrigo | C34: Multi | D34: P | E34: P | F34: RD | G34: RD | H34: P | I34: P | J34: P | K34: P | L34: P | M34: RD | N34: 0 | O34: =SUMIF(D34:M34,"540") -> 0 | P34: =SUM(N34:O34) -> 0 | Q34: =450*7 -> 3150 | R34: =Q34-P34 -> 3150 | S34: =R34/Q34*100% -> 1
A35: Rejection | B35: Iris Dahnielle Andalleon | C35: Multi | D35: RD | E35: P | F35: VL | G35: P | H35: P | I35: P | J35: RD | K35: RD | L35: P | M35: P | N35: 0 | O35: =SUMIF(D35:M35,"540") -> 0 | P35: =SUM(N35:O35) -> 0 | Q35: =450*6 -> 2700 | R35: =Q35-P35 -> 2700 | S35: =R35/Q35*100% -> 1 | T35: 1
A36: Intake | B36: Isabela Arellano | C36: Multi | D36: P | E36: P | F36: RD | G36: RD | H36: P | I36: P | J36: 13 | K36: P | L36: 5 | M36: RD | N36: =SUM(J36:L36) -> 18 | O36: =SUMIF(D36:M36,"540") -> 0 | P36: =SUM(N36:O36) -> 18 | Q36: =450*7 -> 3150 | R36: =Q36-P36 -> 3132 | S36: =R36/Q36*100% -> 0.99428571
A37: Billing | B37: Iverson Libranda | C37: IL | D37: P | E37: P | F37: RD | G37: RD | H37: P | I37: P | J37: P | K37: P | L37: P | M37: RD | N37: 0 | O37: =SUMIF(D37:M37,"540") -> 0 | P37: =SUM(N37:O37) -> 0 | Q37: =450*7 -> 3150 | R37: =Q37-P37 -> 3150 | S37: =R37/Q37*100% -> 1
A38: Billing | B38: Jason Cruz | C38: MA | D38: P | E38: P | F38: RD | G38: RD | H38: 450 | I38: P | J38: P | K38: P | L38: P | M38: RD | N38: 0 | O38: =SUMIF(D38:M38,"540") -> 0 | P38: =SUM(N38:O38) -> 0 | Q38: =450*7 -> 3150 | R38: =Q38-P38 -> 3150 | S38: =R38/Q38*100% -> 1
A39: Rejection | B39: Jean Tan | C39: NY NJ | D39: P | E39: P | F39: RD | G39: RD | H39: P | I39: P | J39: P | K39: P | L39: P | M39: RD | N39: 0 | O39: =SUMIF(D39:M39,"540") -> 0 | P39: =SUM(N39:O39) -> 0 | Q39: =450*7 -> 3150 | R39: =Q39-P39 -> 3150 | S39: =R39/Q39*100% -> 1
A40: Rejection | B40: Jeannie Bajaro | C40: Multi | D40: P | E40: P | F40: P | G40: P | H40: P | I40: RD | J40: RD | K40: P | L40: P | M40: P | N40: 0 | O40: =SUMIF(D40:M40,"540") -> 0 | P40: =SUM(N40:O40) -> 0 | Q40: =450*8 -> 3600 | R40: =Q40-P40 -> 3600 | S40: =R40/Q40*100% -> 1
A41: Rejection | B41: Jericho Crame | C41: NJ | D41: P | E41: P | F41: RD | G41: RD | H41: P | I41: P | J41: P | K41: P | L41: P | M41: RD | N41: 0 | O41: =SUMIF(D41:M41,"540") -> 0 | P41: =SUM(N41:O41) -> 0 | Q41: =450*7 -> 3150 | R41: =Q41-P41 -> 3150 | S41: =R41/Q41*100% -> 1
A42: Billing | B42: Jesslyn Gatbunton | C42: NJ | D42: P | E42: 111 | F42: RD | G42: RD | H42: P | I42: P | J42: P | K42: P | L42: P | M42: RD | N42: =E42 -> 111 | O42: =SUMIF(D42:M42,"540") -> 0 | P42: =SUM(N42:O42) -> 111 | Q42: =450*7 -> 3150 | R42: =Q42-P42 -> 3039 | S42: =R42/Q42*100% -> 0.9647619
A43: Rejection | B43: Jester Limpin | C43: Multi | D43: P | E43: 6 | F43: P | G43: P | H43: P | I43: RD | J43: RD | K43: 450 | L43: P | M43: 17 | N43: =E43+M43 -> 23 | O43: =SUMIF(D43:M43,"540") -> 0 | P43: =SUM(N43:O43) -> 23 | Q43: =450*8 -> 3600 | R43: =Q43-P43 -> 3577 | S43: =R43/Q43*100% -> 0.99361111
A44: Rebill | B44: Jewel Mondina | C44: Multi | D44: P | E44: P | F44: RD | G44: RD | H44: P | I44: P | J44: P | K44: P | L44: P | M44: RD | N44: 0 | O44: =SUMIF(D44:M44,"540") -> 0 | P44: =SUM(N44:O44) -> 0 | Q44: =450*7 -> 3150 | R44: =Q44-P44 -> 3150 | S44: =R44/Q44*100% -> 1
A45: Billing | B45: Jimwell Osiang | C45: MA | D45: P | E45: P | F45: RD | G45: RD | H45: P | I45: 26 | J45: P | K45: P | L45: P | M45: RD | N45: =I45 -> 26 | O45: =SUMIF(D45:M45,"540") -> 0 | P45: =SUM(N45:O45) -> 26 | Q45: =450*7 -> 3150 | R45: =Q45-P45 -> 3124 | S45: =R45/Q45*100% -> 0.99174603
A46: Rejection | B46: Jizelle Delos Reyes | C46: NY | D46: P | E46: P | F46: RD | G46: RD | H46: P | I46: P | J46: P | K46: P | L46: P | M46: RD | N46: 0 | O46: =SUMIF(D46:M46,"540") -> 0 | P46: =SUM(N46:O46) -> 0 | Q46: =450*7 -> 3150 | R46: =Q46-P46 -> 3150 | S46: =R46/Q46*100% -> 1
A47: Rejection | B47: Joanna Cabrera | C47: NJ | D47: P | E47: 7 | F47: RD | G47: RD | H47: P | I47: 33 | J47: P | K47: 109 | L47: 92 | M47: RD | N47: =SUM(D47:L47) -> 241 | O47: =SUMIF(D47:M47,"540") -> 0 | P47: =SUM(N47:O47) -> 241 | Q47: =450*7 -> 3150 | R47: =Q47-P47 -> 2909 | S47: =R47/Q47*100% -> 0.92349206
A48: Billing | B48: Johnella Lopez | C48: KY | D48: P | E48: 80 | F48: RD | G48: RD | H48: P | I48: P | J48: P | K48: 50 | L48: P | M48: RD | N48: =SUM(D48:L48) -> 130 | O48: =SUMIF(D48:M48,"540") -> 0 | P48: =SUM(N48:O48) -> 130 | Q48: =450*7 -> 3150 | R48: =Q48-P48 -> 3020 | S48: =R48/Q48*100% -> 0.95873016
A49: Rejection | B49: Jonathan Marquez | C49: Multi | D49: P | E49: P | F49: 2 | G49: RD | H49: RD | I49: 60 | J49: P | K49: P | L49: 4 | M49: RD | N49: =SUM(D49:L49) -> 66 | P49: =SUM(N49:O49) -> 66 | Q49: =450*8 -> 3600 | R49: =Q49-P49 -> 3534 | S49: =R49/Q49*100% -> 0.98166667
A50: Intake | B50: Josea Aseron | C50: Multi | D50: P | E50: P | F50: P | G50: P | H50: P | I50: RD | J50: RD | K50: P | L50: P | M50: P | N50: 0 | O50: =SUMIF(D50:M50,"540") -> 0 | P50: =SUM(N50:O50) -> 0 | Q50: =450*8 -> 3600 | R50: =Q50-P50 -> 3600 | S50: =R50/Q50*100% -> 1
A51: Billing | B51: Joshua Joaquin | C51: IL | D51: P | E51: P | F51: RD | G51: RD | H51: P | I51: P | J51: P | K51: P | L51: P | M51: RD | N51: 0 | O51: =SUMIF(D51:M51,"540") -> 0 | P51: =SUM(N51:O51) -> 0 | Q51: =450*7 -> 3150 | R51: =Q51-P51 -> 3150 | S51: =R51/Q51*100% -> 1
A52: Billing | B52: Jouse Baquiran | C52: NJ | D52: P | E52: P | F52: RD | G52: RD | H52: P | I52: P | J52: P | K52: P | L52: P | M52: RD | N52: 0 | O52: =SUMIF(D52:M52,"540") -> 0 | P52: =SUM(N52:O52) -> 0 | Q52: =450*7 -> 3150 | R52: =Q52-P52 -> 3150 | S52: =R52/Q52*100% -> 1
A53: Billing | B53: Julieann Manasan | C53: MA | D53: P | E53: P | F53: RD | G53: RD | H53: P | I53: P | J53: P | K53: P | L53: P | M53: RD | N53: 0 | O53: =SUMIF(D53:M53,"540") -> 0 | P53: =SUM(N53:O53) -> 0 | Q53: =450*7 -> 3150 | R53: =Q53-P53 -> 3150 | S53: =R53/Q53*100% -> 1
A54: Rejection | B54: Jullyca Oblefias | C54: NY | D54: P | E54: P | F54: P | G54: P | H54: RD | I54: P | J54: P | K54: P | L54: P | M54: RD | N54: 0 | O54: =SUMIF(D54:M54,"540") -> 0 | P54: =SUM(N54:O54) -> 0 | Q54: =450*8 -> 3600 | R54: =Q54-P54 -> 3600 | S54: =R54/Q54*100% -> 1
A55: Mpen | B55: Karl Solomon | C55: Multi | D55: P | E55: P | F55: RD | G55: RD | H55: P | I55: P | J55: 1 | K55: P | L55: P | M55: RD | N55: =J55 -> 1 | O55: =SUMIF(D55:M55,"540") -> 0 | P55: =SUM(N55:O55) -> 1 | Q55: =450*7 -> 3150 | R55: =Q55-P55 -> 3149 | S55: =R55/Q55*100% -> 0.99968254
A56: Rejection | B56: Karlos De Leon | C56: NJ | D56: P | E56: RD | F56: RD | G56: P | H56: P | I56: 450 | J56: P | K56: 450 | L56: P | M56: 450 | N56: 0 | O56: =SUMIF(D56:M56,"540") -> 0 | P56: =SUM(N56:O56) -> 0 | Q56: =450*8 -> 3600 | R56: =Q56-P56 -> 3600 | S56: =R56/Q56*100% -> 1
A57: Billing | B57: Kate Constantino | C57: KY | D57: P | E57: P | F57: RD | G57: RD | H57: 450 | I57: P | J57: P | K57: P | L57: P | M57: RD | N57: 0 | O57: =SUMIF(D57:M57,"540") -> 0 | P57: =SUM(N57:O57) -> 0 | Q57: =450*7 -> 3150 | R57: =Q57-P57 -> 3150 | S57: =R57/Q57*100% -> 1
A58: Intake | B58: Katrina Go | C58: Multi | D58: P | E58: P | F58: RD | G58: RD | H58: P | I58: P | J58: P | K58: P | L58: P | M58: RD | N58: 0 | O58: =SUMIF(D58:M58,"540") -> 0 | P58: =SUM(N58:O58) -> 0 | Q58: =450*7 -> 3150 | R58: =Q58-P58 -> 3150 | S58: =R58/Q58*100% -> 1
A59: Rejection | B59: Kaxyleh Masilongan | C59: NY | D59: P | E59: P | F59: RD | G59: RD | H59: P | I59: P | J59: 5 | K59: P | L59: P | M59: RD | N59: =SUM(D59:L59) -> 5 | O59: =SUMIF(D59:M59,"540") -> 0 | P59: =SUM(N59:O59) -> 5 | Q59: =450*7 -> 3150 | R59: =Q59-P59 -> 3145 | S59: =R59/Q59*100% -> 0.9984127
A60: Intake | B60: Kiana Brown | C60: Multi | D60: P | E60: P | F60: P | G60: RD | H60: RD | I60: P | J60: P | K60: P | L60: P | M60: P | N60: 0 | O60: =SUMIF(D60:M60,"540") -> 0 | P60: =SUM(N60:O60) -> 0 | Q60: =450*8 -> 3600 | R60: =Q60-P60 -> 3600 | S60: =R60/Q60*100% -> 1
A61: Rejection | B61: Kizzy Serrano | C61: IL | D61: P | E61: P | F61: RD | G61: RD | H61: 450 | I61: P | J61: 3 | K61: P | L61: 450 | M61: RD | N61: =J61 -> 3 | O61: =SUMIF(D61:M61,"540") -> 0 | P61: =SUM(N61:O61) -> 3 | Q61: =450*7 -> 3150 | R61: =Q61-P61 -> 3147 | S61: =R61/Q61*100% -> 0.99904762
A62: Billing | B62: Kyzen Hayagan | C62: MA | D62: P | E62: 4 | F62: RD | G62: RD | H62: P | I62: 450 | J62: P | K62: P | L62: P | M62: RD | N62: =E62 -> 4 | O62: =SUMIF(D62:M62,"540") -> 0 | P62: =SUM(N62:O62) -> 4 | Q62: =450*7 -> 3150 | R62: =Q62-P62 -> 3146 | S62: =R62/Q62*100% -> 0.99873016
A63: Billing | B63: Lea Alagadmo | C63: MA | D63: P | E63: P | F63: RD | G63: RD | H63: P | I63: 49 | J63: P | K63: P | L63: 5 | M63: RD | N63: =SUM(D63:L63) -> 54 | O63: =SUMIF(D63:M63,"540") -> 0 | P63: =SUM(N63:O63) -> 54 | Q63: =450*7 -> 3150 | R63: =Q63-P63 -> 3096 | S63: =R63/Q63*100% -> 0.98285714
A64: Mpen | B64: Leo Olesco | C64: Multi | D64: P | E64: P | F64: RD | G64: RD | H64: P | I64: P | J64: P | K64: P | L64: P | M64: RD | N64: 0 | O64: =SUMIF(D64:M64,"540") -> 0 | P64: =SUM(N64:O64) -> 0 | Q64: =450*7 -> 3150 | R64: =Q64-P64 -> 3150 | S64: =R64/Q64*100% -> 1
A65: Billing | B65: Lorraine Cabantac | C65: NJ | D65: P | E65: P | F65: RD | G65: RD | H65: P | I65: P | J65: P | K65: 450 | L65: 450 | M65: RD | N65: 0 | O65: =SUMIF(D65:M65,"540") -> 0 | P65: =SUM(N65:O65) -> 0 | Q65: =450*7 -> 3150 | R65: =Q65-P65 -> 3150 | S65: =R65/Q65*100% -> 1
A66: Billing | B66: Louis Cantillion | C66: NJ | D66: P | E66: P | F66: RD | G66: RD | H66: P | I66: P | J66: P | K66: P | L66: P | M66: RD | N66: 0 | O66: =SUMIF(D66:M66,"540") -> 0 | P66: =SUM(N66:O66) -> 0 | Q66: =450*7 -> 3150 | R66: =Q66-P66 -> 3150 | S66: =R66/Q66*100% -> 1
A67: Rejection | B67: Margie Theres A Magluyan | C67: Multi | D67: P | E67: P | F67: RD | G67: RD | H67: P | I67: P | J67: RD | K67: RD | L67: 38 | M67: P | N67: =SUM(D67:M67) -> 38 | O67: =SUMIF(D67:M67,"540") -> 0 | P67: =SUM(N67:O67) -> 38 | Q67: =450*6 -> 2700 | R67: =Q67-P67 -> 2662 | S67: =R67/Q67*100% -> 0.98592593
A68: Billing | B68: Marion Vien Santos | C68: KY | D68: P | E68: 450 | F68: RD | G68: RD | H68: P | I68: 19 | J68: P | K68: P | L68: P | M68: RD | N68: =I68 -> 19 | O68: =SUMIF(D68:M68,"540") -> 0 | P68: =SUM(N68:O68) -> 19 | Q68: =450*7 -> 3150 | R68: =Q68-P68 -> 3131 | S68: =R68/Q68*100% -> 0.99396825
A69: Billing | B69: Mark Bienes | C69: NY | D69: P | E69: 13 | F69: RD | G69: RD | H69: P | I69: P | J69: P | K69: P | L69: 228 | M69: RD | N69: =SUM(D69:L69) -> 241 | O69: =SUMIF(D69:M69,"540") -> 0 | P69: =SUM(N69:O69) -> 241 | Q69: =450*7 -> 3150 | R69: =Q69-P69 -> 2909 | S69: =R69/Q69*100% -> 0.92349206
A70: Billing | B70: Mark Frankie Pecolera | C70: IL | D70: P | E70: P | F70: RD | G70: RD | H70: P | I70: P | J70: P | K70: P | L70: 4 | M70: RD | N70: =L70 -> 4 | O70: =SUMIF(D70:M70,"540") -> 0 | P70: =SUM(N70:O70) -> 4 | Q70: =450*7 -> 3150 | R70: =Q70-P70 -> 3146 | S70: =R70/Q70*100% -> 0.99873016
A71: Mpen | B71: Mark Metra | C71: Multi | D71: P | E71: 17 | F71: RD | G71: RD | H71: P | I71: 450 | J71: P | K71: 18 | L71: LWOP | M71: RD | N71: =SUM(E71,K71) -> 35 | O71: =SUMIF(D71:M71,"540") -> 0 | P71: =SUM(N71:O71) -> 35 | Q71: =450*6 -> 2700 | R71: =Q71-P71 -> 2665 | S71: =R71/Q71*100% -> 0.98703704 | U71: 1
A72: Rejection | B72: Mary Dela Cruz | C72: IL | D72: P | E72: P | F72: RD | G72: RD | H72: P | I72: P | J72: P | K72: P | L72: P | M72: RD | N72: 0 | O72: =SUMIF(D72:M72,"540") -> 0 | P72: =SUM(N72:O72) -> 0 | Q72: =450*7 -> 3150 | R72: =Q72-P72 -> 3150 | S72: =R72/Q72*100% -> 1
A73: Rejection | B73: Mary Kilario | C73: KY/IL | D73: P | E73: P | F73: RD | G73: RD | H73: P | I73: 3 | J73: P | K73: P | L73: P | M73: RD | N73: =I73 -> 3 | O73: =SUMIF(D73:M73,"540") -> 0 | P73: =SUM(N73:O73) -> 3 | Q73: =450*7 -> 3150 | R73: =Q73-P73 -> 3147 | S73: =R73/Q73*100% -> 0.99904762
A74: ALF | B74: Mayann Somera | C74: Multi | D74: P | E74: P | F74: RD | G74: RD | H74: P | I74: P | J74: P | K74: P | L74: P | M74: RD | N74: 0 | O74: =SUMIF(D74:M74,"540") -> 0 | P74: =SUM(N74:O74) -> 0 | Q74: =450*7 -> 3150 | R74: =Q74-P74 -> 3150 | S74: =R74/Q74*100% -> 1
A75: Billing | B75: Mherica Santos | C75: KY | D75: P | E75: 22 | F75: RD | G75: RD | H75: P | I75: P | J75: 12 | K75: P | L75: P | M75: RD | N75: =SUM(D75:L75) -> 34 | O75: =SUMIF(D75:M75,"540") -> 0 | P75: =SUM(N75:O75) -> 34 | Q75: =450*7 -> 3150 | R75: =Q75-P75 -> 3116 | S75: =R75/Q75*100% -> 0.98920635
A76: Rejection | B76: Mikaella Santos | C76: Multi | D76: P | E76: P | F76: P | G76: VL | H76: P | I76: RD | J76: RD | K76: P | L76: P | M76: P | N76: 0 | O76: =SUMIF(D76:M76,"540") -> 0 | P76: =SUM(N76:O76) -> 0 | Q76: =450*7 -> 3150 | R76: =Q76-P76 -> 3150 | S76: =R76/Q76*100% -> 1 | T76: 1
A77: Intake | B77: Nerissa Ong | C77: Multi | D77: 450 | E77: 450 | F77: RD | G77: RD | H77: P | I77: 450 | J77: 450 | K77: 450 | L77: P | M77: RD | N77: 0 | O77: =SUMIF(D77:M77,"540") -> 0 | P77: =SUM(N77:O77) -> 0 | Q77: =450*7 -> 3150 | R77: =Q77-P77 -> 3150 | S77: =R77/Q77*100% -> 1
A78: Billing | B78: Noemi Landerito | C78: IL | D78: p | E78: 12 | F78: RD | G78: RD | H78: P | I78: 9 | J78: P | K78: P | L78: P | M78: RD | N78: =SUM(E78,I78) -> 21 | O78: =SUMIF(D78:M78,"540") -> 0 | P78: =SUM(N78:O78) -> 21 | Q78: =450*7 -> 3150 | R78: =Q78-P78 -> 3129 | S78: =R78/Q78*100% -> 0.99333333
A79: Billing | B79: Patricia Busio | C79: NJ | D79: P | E79: 24 | F79: RD | G79: RD | H79: P | I79: P | J79: P | K79: P | L79: LWOP | M79: RD | N79: =SUM(D79:L79) -> 24 | O79: =SUMIF(D79:M79,"540") -> 0 | P79: =SUM(N79:O79) -> 24 | Q79: =450*6 -> 2700 | R79: =Q79-P79 -> 2676 | S79: =R79/Q79*100% -> 0.99111111 | U79: 1
A80: Billing | B80: Rafunzel M Manuel | C80: MA | D80: P | E80: 13 | F80: RD | G80: RD | H80: P | I80: P | J80: P | K80: P | L80: P | M80: RD | N80: =SUM(D80:L80) -> 13 | O80: =SUMIF(D80:M80,"540") -> 0 | P80: =SUM(N80:O80) -> 13 | Q80: =450*7 -> 3150 | R80: =Q80-P80 -> 3137 | S80: =R80/Q80*100% -> 0.99587302
A81: Billing | B81: Raphael Macasocol | C81: IL | D81: P | E81: P | F81: RD | G81: RD | H81: P | I81: 6 | J81: P | K81: 13 | L81: P | M81: RD | N81: =SUM(D81:L81) -> 19 | O81: =SUMIF(D81:M81,"540") -> 0 | P81: =SUM(N81:O81) -> 19 | Q81: =450*7 -> 3150 | R81: =Q81-P81 -> 3131 | S81: =R81/Q81*100% -> 0.99396825
A82: Intake | B82: Remaden Bautista | C82: Multi | D82: P | E82: P | F82: RD | G82: RD | H82: P | I82: 6 | J82: P | K82: P | L82: P | M82: RD | N82: =SUM(D82:L82) -> 6 | O82: =SUMIF(D82:M82,"540") -> 0 | P82: =SUM(N82:O82) -> 6 | Q82: =450*7 -> 3150 | R82: =Q82-P82 -> 3144 | S82: =R82/Q82*100% -> 0.99809524
A83: Rejection | B83: Rhona Sanejo | C83: KY | D83: P | E83: P | F83: P | G83: RD | H83: RD | I83: P | J83: P | K83: P | L83: P | M83: P | N83: 0 | O83: =SUMIF(D83:M83,"540") -> 0 | P83: =SUM(N83:O83) -> 0 | Q83: =450*8 -> 3600 | R83: =Q83-P83 -> 3600 | S83: =R83/Q83*100% -> 1
A84: Billing | B84: Ricalyn Clarencio | C84: IL | D84: P | E84: P | F84: RD | G84: RD | H84: P | I84: P | J84: P | K84: P | L84: 13 | M84: RD | N84: =SUM(D84:L84) -> 13 | O84: =SUMIF(D84:M84,"540") -> 0 | P84: =SUM(N84:O84) -> 13 | Q84: =450*7 -> 3150 | R84: =Q84-P84 -> 3137 | S84: =R84/Q84*100% -> 0.99587302
A85: Billing | B85: Rosalinda Pantua | C85: MA | D85: P | E85: P | F85: RD | G85: RD | H85: P | I85: P | J85: P | K85: P | L85: 450 | M85: RD | N85: 0 | O85: =SUMIF(D85:M85,"540") -> 0 | P85: =SUM(N85:O85) -> 0 | Q85: =450*7 -> 3150 | R85: =Q85-P85 -> 3150 | S85: =R85/Q85*100% -> 1 | T85: M
A86: Billing | B86: Roxinne Madolid | C86: IL | D86: P | E86: P | F86: RD | G86: RD | H86: P | I86: P | J86: P | K86: P | L86: P | M86: RD | N86: 0 | O86: =SUMIF(D86:M86,"540") -> 0 | P86: =SUM(N86:O86) -> 0 | Q86: =450*7 -> 3150 | R86: =Q86-P86 -> 3150 | S86: =R86/Q86*100% -> 1
A87: Rejection | B87: Rubyneil Abejero | C87: Multi | D87: P | E87: P | F87: RD | G87: RD | H87: P | I87: P | J87: P | K87: P | L87: P | M87: RD | N87: 0 | O87: =SUMIF(D87:M87,"540") -> 0 | P87: =SUM(N87:O87) -> 0 | Q87: =450*7 -> 3150 | R87: =Q87-P87 -> 3150 | S87: =R87/Q87*100% -> 1
A88: Rejection | B88: Ruth Dela Cruz | C88: KY/IL | D88: P | E88: P | F88: RD | G88: RD | H88: P | I88: P | J88: 450 | K88: P | L88: P | M88: RD | N88: 0 | O88: =SUMIF(D88:M88,"540") -> 0 | P88: =SUM(N88:O88) -> 0 | Q88: =450*7 -> 3150 | R88: =Q88-P88 -> 3150 | S88: =R88/Q88*100% -> 1
A89: Billing | B89: Ryan Rillo | C89: KY | D89: P | E89: 2 | F89: RD | G89: RD | H89: P | I89: P | J89: P | K89: P | L89: 270 | M89: RD | N89: =SUM(D89:L89) -> 272 | O89: =SUMIF(D89:M89,"540") -> 0 | P89: =SUM(N89:O89) -> 272 | Q89: =450*7 -> 3150 | R89: =Q89-P89 -> 2878 | S89: =R89/Q89*100% -> 0.91365079
A90: Rejection | B90: Sandarah Cruz | C90: IL | D90: P | E90: 450 | F90: RD | G90: RD | H90: P | I90: 3 | J90: P | K90: P | L90: 12 | M90: RD | N90: =I90+L90 -> 15 | O90: =SUMIF(D90:M90,"540") -> 0 | P90: =SUM(N90:O90) -> 15 | Q90: =450*7 -> 3150 | R90: =Q90-P90 -> 3135 | S90: =R90/Q90*100% -> 0.9952381
A91: Billing | B91: Sean Edulan | C91: NJ | D91: P | E91: P | F91: RD | G91: RD | H91: P | I91: P | J91: P | K91: P | L91: P | M91: RD | N91: 0 | O91: =SUMIF(D91:M91,"540") -> 0 | P91: =SUM(N91:O91) -> 0 | Q91: =450*7 -> 3150 | R91: =Q91-P91 -> 3150 | S91: =R91/Q91*100% -> 1
A92: Billing | B92: Stephanie Del Rosario | C92: NJ | D92: P | E92: P | F92: RD | G92: RD | H92: P | I92: P | J92: P | K92: P | L92: 9 | M92: RD | N92: =SUM(D92:L92) -> 9 | O92: =SUMIF(D92:M92,"540") -> 0 | P92: =SUM(N92:O92) -> 9 | Q92: =450*7 -> 3150 | R92: =Q92-P92 -> 3141 | S92: =R92/Q92*100% -> 0.99714286
A93: Billing | B93: Syra Jade Yaranon | C93: NY | D93: P | E93: 8 | F93: RD | G93: RD | H93: P | I93: P | J93: 21 | K93: P | L93: 4 | M93: RD | N93: =SUM(D93:L93) -> 33 | O93: =SUMIF(D93:M93,"540") -> 0 | P93: =SUM(N93:O93) -> 33 | Q93: =450*7 -> 3150 | R93: =Q93-P93 -> 3117 | S93: =R93/Q93*100% -> 0.98952381
A94: Billing | B94: Theresa Ma Alvaro | C94: NJ | D94: P | E94: 24 | F94: RD | G94: RD | H94: P | I94: P | J94: P | K94: P | L94: P | M94: RD | N94: =SUM(D94:M94) -> 24 | O94: =SUMIF(D94:M94,"540") -> 0 | P94: =SUM(N94:O94) -> 24 | Q94: =450*7 -> 3150 | R94: =Q94-P94 -> 3126 | S94: =R94/Q94*100% -> 0.99238095
A95: Rejection | B95: Tricia Galsim | C95: NJ | D95: 450 | E95: 5 | F95: RD | G95: RD | H95: P | I95: P | J95: 59 | K95: P | L95: 10 | M95: RD | N95: =E95+J95+L95 -> 74 | O95: =SUMIF(D95:M95,"540") -> 0 | P95: =SUM(N95:O95) -> 74 | Q95: =450*7 -> 3150 | R95: =Q95-P95 -> 3076 | S95: =R95/Q95*100% -> 0.97650794
A96: Billing | B96: Vianka Ylaine Ortiz | C96: NY | D96: P | E96: P | F96: RD | G96: RD | H96: P | I96: P | J96: P | K96: P | L96: 1 | M96: RD | N96: =SUM(D96:L96) -> 1 | O96: =SUMIF(D96:M96,"540") -> 0 | P96: =SUM(N96:O96) -> 1 | Q96: =450*7 -> 3150 | R96: =Q96-P96 -> 3149 | S96: =R96/Q96*100% -> 0.99968254
A97: Rejection | B97: Vincent Paolo Villasenor | C97: Multi | D97: P | E97: 79 | F97: RD | G97: RD | H97: 450 | I97: 450 | J97: 18 | K97: 23 | L97: 65 | M97: RD | N97: =E97+J97+K97+L97 -> 185 | O97: =SUMIF(D97:M97,"540") -> 0 | P97: =SUM(N97:O97) -> 185 | Q97: =450*7 -> 3150 | R97: =Q97-P97 -> 2965 | S97: =R97/Q97*100% -> 0.94126984
A98: Rejection | B98: Vladimir Patio | C98: Multi | D98: PTO | E98: 7 | F98: RD | G98: RD | H98: P | I98: P | J98: P | K98: P | L98: P | M98: RD | N98: =SUM(D98:M98) -> 7 | O98: =SUMIF(D98:M98,"540") -> 0 | P98: =SUM(N98:O98) -> 7 | Q98: =450*7 -> 3150 | R98: =Q98-P98 -> 3143 | S98: =R98/Q98*100% -> 0.99777778
A99: Billing | B99: Xenrel Mae O Dacubar | C99: NY | D99: P | E99: LWOP | F99: RD | G99: RD | H99: P | I99: P | J99: P | K99: P | L99: P | M99: RD | N99: 0 | O99: =SUMIF(D99:M99,"540") -> 0 | P99: =SUM(N99:O99) -> 0 | Q99: =450*6 -> 2700 | R99: =Q99-P99 -> 2700 | S99: =R99/Q99*100% -> 1 | U99: 1
N100: =SUM(N2:N99) -> 3203 | O100: =SUM(O2:O99) -> 0 | P100: =SUM(P2:P99) -> 3203 | Q100: =SUM(Q2:Q99) -> 307350 | R100: =SUM(R2:R99) -> 304147 | S100: =AVERAGE(S2:S99) -> 0.98929638
...

Sheet MWeek 2
A1: Department | B1: Full Name | C1: State | D1: Sunday | E1: Monday | F1: Tuesday | G1: Wednesday | H1: Thursday | I1: Friday | J1: Saturday | K1: Tardiness | L1: Absences | M1: Lost Hours | N1: Target | O1: Completed | P1: Attendance | Q1: VL | R1: LWOP | T1: Row Labels | U1: Sum of Tardiness | V1: Sum of Absences | W1: Sum of Completed | X1: Sum of Target
A2: Billing | B2: Alexandra Ortiz | C2: KY | D2: RD | E2: 450 | F2: 450 | G2: 450 | H2: P | I2: P | J2: RD | L2: =SUMIF(A2:J2,"450") -> 1350 | M2: =SUM(K2:L2) -> 1350 | N2: =450*5 -> 2250 | O2: =N2-M2 -> 900 | P2: =O2/N2*100% -> 0.4 | T2: ALF | V2: 0 | W2: 2250 | X2: 2250
A3: Rejection | B3: Alyssa DeGuzman | C3: KY | D3: P | E3: 44 | F3: RD | G3: RD | H3: P | I3: 2 | J3: 14 | K3: =SUM(D3:J3) -> 60 | L3: =SUMIF(A3:J3,"450") -> 0 | M3: =SUM(K3:L3) -> 60 | N3: =450*5 -> 2250 | O3: =N3-M3 -> 2190 | P3: =O3/N3*100% -> 0.97333333 | T3: Billing | U3: 917 | V3: 8550 | W3: 79183 | X3: 88650
A4: Rejection | B4: Analyn Caniedo | C4: IL | D4: 7 | E4: P | F4: RD | G4: RD | H4: P | I4: P | J4: P | K4: =SUM(D4:J4) -> 7 | L4: =SUMIF(A4:J4,"450") -> 0 | M4: =SUM(K4:L4) -> 7 | N4: =450*5 -> 2250 | O4: =N4-M4 -> 2243 | P4: =O4/N4*100% -> 0.99688889 | T4: Intake | U4: 408 | V4: 0 | W4: 20292 | X4: 20700
A5: Billing | B5: Analyn Diaz | C5: NJ | D5: RD | E5: P | F5: 450 | G5: P | H5: 450 | I5: 5 | J5: RD | K5: =I5 -> 5 | L5: =SUMIF(A5:J5,"450") -> 900 | M5: =SUM(K5:L5) -> 905 | N5: =450*5 -> 2250 | O5: =N5-M5 -> 1345 | P5: =O5/N5*100% -> 0.59777778 | T5: Mpen | U5: 36 | V5: 1350 | W5: 6264 | X5: 7650
A6: Rejection | B6: Andrea Fonacier | C6: KY/IL | D6: RD | E6: P | F6: P | G6: 6 | H6: 7 | I6: 7 | J6: RD | K6: =SUM(D6:J6) -> 20 | L6: =SUMIF(A6:J6,"450") -> 0 | M6: =SUM(K6:L6) -> 20 | N6: =450*5 -> 2250 | O6: =N6-M6 -> 2230 | P6: =O6/N6*100% -> 0.99111111 | T6: Rebill | V6: 0 | W6: 4500 | X6: 4500
A7: Intake | B7: Angelica Bautista | C7: Multi | D7: P | E7: P | F7: P | G7: P | H7: P | I7: RD | J7: RD | L7: =SUMIF(A7:J7,"450") -> 0 | M7: =SUM(K7:L7) -> 0 | N7: =450*5 -> 2250 | O7: =N7-M7 -> 2250 | P7: =O7/N7*100% -> 1 | T7: Rejection | U7: 718 | V7: 5400 | W7: 78032 | X7: 84150
A8: Billing | B8: Angelo Agron | C8: NJ | D8: RD | E8: 450 | F8: P | G8: 3 | H8: 2 | I8: 2 | J8: RD | K8: =SUM(G8,H8,I8) -> 7 | L8: =SUMIF(A8:J8,"450") -> 450 | M8: =SUM(K8:L8) -> 457 | N8: =450*5 -> 2250 | O8: =N8-M8 -> 1793 | P8: =O8/N8*100% -> 0.79688889 | T8: Grand Total | U8: 2079 | V8: 15300 | W8: 190521 | X8: 207900
A9: Billing | B9: Anthea Ann Lumen | C9: KY | D9: RD | E9: P | F9: LWOP | G9: P | H9: P | I9: P | J9: RD | L9: =SUMIF(A9:J9,"450") -> 0 | M9: =SUM(K9:L9) -> 0 | N9: =450*4 -> 1800 | O9: =N9-M9 -> 1800 | P9: =O9/N9*100% -> 1 | R9: 1
A10: Billing | B10: Anthony Valdez | C10: KY | D10: RD | E10: P | F10: P | G10: 450 | H10: P | I10: VL | J10: RD | L10: =SUMIF(A10:J10,"450") -> 450 | M10: =SUM(K10:L10) -> 450 | N10: =450*4 -> 1800 | O10: =N10-M10 -> 1350 | P10: =O10/N10*100% -> 0.75 | Q10: 1
A11: Intake | B11: Ar Jean Tudtud | C11: Multi | D11: P | E11: RD | F11: P | G11: P | H11: P | I11: P | J11: P | L11: =SUMIF(A11:J11,"450") -> 0 | M11: =SUM(K11:L11) -> 0 | N11: =450*5 -> 2250 | O11: =N11-M11 -> 2250 | P11: =O11/N11*100% -> 1
A12: Rejection | B12: Arah Blancia | C12: IL | D12: P | E12: 450 | F12: P | G12: RD | H12: RD | I12: P | J12: P | L12: =SUMIF(A12:J12,"450") -> 450 | M12: =SUM(K12:L12) -> 450 | N12: =450*5 -> 2250 | O12: =N12-M12 -> 1800 | P12: =O12/N12*100% -> 0.8
A13: Rejection | B13: Audrey De Leon | C13: NJ | D13: P | E13: P | F13: P | G13: P | H13: P | I13: RD | J13: RD | L13: =SUMIF(A13:J13,"450") -> 0 | M13: =SUM(K13:L13) -> 0 | N13: =450*5 -> 2250 | O13: =N13-M13 -> 2250 | P13: =O13/N13*100% -> 1
A14: Rejection | B14: Avril Rie Son | C14: NJ | D14: RD | E14: 5 | F14: 7 | G14: P | H14: P | I14: P | J14: RD | K14: =SUM(D14:J14) -> 12 | L14: =SUMIF(A14:J14,"450") -> 0 | M14: =SUM(K14:L14) -> 12 | N14: =450*5 -> 2250 | O14: =N14-M14 -> 2238 | P14: =O14/N14*100% -> 0.99466667
A15: Rejection | B15: Bea Mercado | C15: NJ | D15: RD | E15: 450 | F15: P | G15: P | H15: P | I15: P | J15: RD | L15: =SUMIF(A15:J15,"450") -> 450 | M15: =SUM(K15:L15) -> 450 | N15: =450*5 -> 2250 | O15: =N15-M15 -> 1800 | P15: =O15/N15*100% -> 0.8
A16: Rejection | B16: Charlene Valdez | C16: MA/NY/NJ (KY/IL) | D16: RD | E16: P | F16: P | G16: 19 | H16: P | I16: 21 | J16: RD | K16: =SUM(D16:J16) -> 40 | L16: =SUMIF(A16:J16,"450") -> 0 | M16: =SUM(K16:L16) -> 40 | N16: =450*5 -> 2250 | O16: =N16-M16 -> 2210 | P16: =O16/N16*100% -> 0.98222222
A17: Rejection | B17: Charyselle Cadelina | C17: KY | D17: RD | E17: P | F17: P | G17: P | H17: P | I17: 17 | J17: RD | K17: =SUM(D17:J17) -> 17 | L17: =SUMIF(A17:J17,"450") -> 0 | M17: =SUM(K17:L17) -> 17 | N17: =450*5 -> 2250 | O17: =N17-M17 -> 2233 | P17: =O17/N17*100% -> 0.99244444
A18: Intake | B18: Collen Silapan | C18: Multi | D18: LWOP | E18: P | F18: P | G18: P | H18: P | I18: RD | J18: RD | L18: =SUMIF(A18:J18,"450") -> 0 | M18: =SUM(K18:L18) -> 0 | N18: =450*4 -> 1800 | O18: =N18-M18 -> 1800 | P18: =O18/N18*100% -> 1 | R18: 1
A19: Rejection | B19: Danielle Generao | C19: KY | D19: RD | E19: P | F19: 22 | G19: P | H19: 23 | I19: P | J19: RD | K19: =SUM(D19:J19) -> 45 | L19: =SUMIF(A19:J19,"450") -> 0 | M19: =SUM(K19:L19) -> 45 | N19: =450*5 -> 2250 | O19: =N19-M19 -> 2205 | P19: =O19/N19*100% -> 0.98
A20: Rejection | B20: Edmark Bania | C20: Multi | D20: RD | E20: P | F20: P | G20: P | H20: P | I20: P | J20: RD | L20: =SUMIF(A20:J20,"450") -> 0 | M20: =SUM(K20:L20) -> 0 | N20: =450*5 -> 2250 | O20: =N20-M20 -> 2250 | P20: =O20/N20*100% -> 1
A21: Billing | B21: Eldrick Loreno | C21: NY | D21: RD | E21: P | F21: P | G21: 450 | H21: P | I21: P | J21: RD | L21: =SUMIF(A21:J21,"450") -> 450 | M21: =SUM(K21:L21) -> 450 | N21: =450*5 -> 2250 | O21: =N21-M21 -> 1800 | P21: =O21/N21*100% -> 0.8
A22: Rebill | B22: Erika Ramos | C22: Multi | D22: RD | E22: P | F22: P | G22: P | H22: P | I22: P | J22: RD | L22: =SUMIF(A22:J22,"450") -> 0 | M22: =SUM(K22:L22) -> 0 | N22: =450*5 -> 2250 | O22: =N22-M22 -> 2250 | P22: =O22/N22*100% -> 1
A23: Billing | B23: Ethel Gregorio | C23: MA | D23: RD | E23: 15 | F23: 20 | G23: 11 | H23: 15 | I23: 14 | J23: RD | K23: =SUM(D23:J23) -> 75 | L23: =SUMIF(A23:J23,"450") -> 0 | M23: =SUM(K23:L23) -> 75 | N23: =450*5 -> 2250 | O23: =N23-M23 -> 2175 | P23: =O23/N23*100% -> 0.96666667
A24: Billing | B24: Eunice Bargo | C24: MA | D24: RD | E24: P | F24: 8 | G24: 19 | H24: P | I24: P | J24: RD | K24: =SUM(D24:J24) -> 27 | L24: =SUMIF(A24:J24,"450") -> 0 | M24: =SUM(K24:L24) -> 27 | N24: =450*5 -> 2250 | O24: =N24-M24 -> 2223 | P24: =O24/N24*100% -> 0.988
A25: Rejection | B25: Eunice Padadnan | C25: NY | D25: RD | E25: 1 | F25: P | G25: P | H25: P | I25: P | J25: RD | K25: =SUM(D25:J25) -> 1 | L25: =SUMIF(A25:J25,"450") -> 0 | M25: =SUM(K25:L25) -> 1 | N25: =450*5 -> 2250 | O25: =N25-M25 -> 2249 | P25: =O25/N25*100% -> 0.99955556
A26: Billing | B26: Femie DC Domenden | C26: IL | D26: RD | E26: P | F26: P | G26: P | H26: P | I26: 3 | J26: RD | K26: =SUM(D26:J26) -> 3 | L26: =SUMIF(A26:J26,"450") -> 0 | M26: =SUM(K26:L26) -> 3 | N26: =450*5 -> 2250 | O26: =N26-M26 -> 2247 | P26: =O26/N26*100% -> 0.99866667
A27: Rejection | B27: Francis Alba | C27: Multi | D27: RD | E27: P | F27: P | G27: P | H27: P | I27: P | J27: RD | L27: =SUMIF(A27:J27,"450") -> 0 | M27: =SUM(K27:L27) -> 0 | N27: =450*5 -> 2250 | O27: =N27-M27 -> 2250 | P27: =O27/N27*100% -> 1
A28: Billing | B28: Francis Narboneta | C28: IL | D28: RD | E28: 450 | F28: 450 | G28: 450 | H28: P | I28: P | J28: RD | L28: =SUMIF(A28:J28,"450") -> 1350 | M28: =SUM(K28:L28) -> 1350 | N28: =450*5 -> 2250 | O28: =N28-M28 -> 900 | P28: =O28/N28*100% -> 0.4
A29: Billing | B29: Gladys Astilla | C29: MA | D29: RD | E29: VL | F29: P | G29: P | H29: P | I29: P | J29: RD | L29: =SUMIF(A29:J29,"450") -> 0 | M29: =SUM(K29:L29) -> 0 | N29: =450*4 -> 1800 | O29: =N29-M29 -> 1800 | P29: =O29/N29*100% -> 1 | Q29: 1
A30: Rejection | B30: Glessie DeJesus | C30: KY | D30: RD | E30: 450 | F30: P | G30: P | H30: P | I30: P | J30: RD | L30: =SUMIF(A30:J30,"450") -> 450 | M30: =SUM(K30:L30) -> 450 | N30: =450*5 -> 2250 | O30: =N30-M30 -> 1800 | P30: =O30/N30*100% -> 0.8
A31: Billing | B31: Glory Nabayra | C31: IL | D31: RD | E31: P | F31: P | G31: P | H31: P | I31: P | J31: RD | L31: =SUMIF(A31:J31,"450") -> 0 | M31: =SUM(K31:L31) -> 0 | N31: =450*5 -> 2250 | O31: =N31-M31 -> 2250 | P31: =O31/N31*100% -> 1
A32: Rejection | B32: Hanna Arceo | C32: KY | D32: RD | E32: 1 | F32: 1 | G32: 450 | H32: P | I32: P | J32: RD | K32: =E32+F32 -> 2 | L32: =SUMIF(A32:J32,"450") -> 450 | M32: =SUM(K32:L32) -> 452 | N32: =450*5 -> 2250 | O32: =N32-M32 -> 1798 | P32: =O32/N32*100% -> 0.79911111
A33: Mpen | B33: Hans Ruan | C33: Multi | D33: RD | E33: P | F33: P | G33: P | H33: P | I33: P | J33: RD | L33: =SUMIF(A33:J33,"450") -> 0 | M33: =SUM(K33:L33) -> 0 | N33: =450*5 -> 2250 | O33: =N33-M33 -> 2250 | P33: =O33/N33*100% -> 1
A34: Intake | B34: Hazelyn Rodrigo | C34: Multi | D34: RD | E34: 56 | F34: RD | G34: RD | H34: P | I34: P | J34: 65 | K34: =SUM(D34:J34) -> 121 | L34: =SUMIF(A34:J34,"450") -> 0 | M34: =SUM(K34:L34) -> 121 | N34: =450*4 -> 1800 | O34: =N34-M34 -> 1679 | P34: =O34/N34*100% -> 0.93277778
A35: Rejection | B35: Iris Dahnielle Andalleon | C35: Multi | D35: P | E35: P | F35: P | G35: RD | H35: RD | I35: P | J35: P | L35: =SUMIF(A35:J35,"450") -> 0 | M35: =SUM(K35:L35) -> 0 | N35: =450*5 -> 2250 | O35: =N35-M35 -> 2250 | P35: =O35/N35*100% -> 1
A36: Intake | B36: Isabela Arellano | C36: Multi | D36: RD | E36: 10 | F36: 270 | G36: P | H36: 1 | I36: LWOP | J36: RD | K36: =SUM(D36:J36) -> 281 | L36: =SUMIF(A36:J36,"450") -> 0 | M36: =SUM(K36:L36) -> 281 | N36: =450*4 -> 1800 | O36: =N36-M36 -> 1519 | P36: =O36/N36*100% -> 0.84388889 | R36: 1
A37: Billing | B37: Iverson Libranda | C37: IL | D37: RD | E37: P | F37: 9 | G37: P | H37: P | I37: P | J37: RD | K37: =SUM(D37:J37) -> 9 | L37: =SUMIF(A37:J37,"450") -> 0 | M37: =SUM(K37:L37) -> 9 | N37: =450*5 -> 2250 | O37: =N37-M37 -> 2241 | P37: =O37/N37*100% -> 0.996
A38: Billing | B38: Jason Cruz | C38: MA | D38: RD | E38: P | F38: P | G38: P | H38: VL | I38: VL | J38: RD | L38: =SUMIF(A38:J38,"450") -> 0 | M38: =SUM(K38:L38) -> 0 | N38: =450*3 -> 1350 | O38: =N38-M38 -> 1350 | P38: =O38/N38*100% -> 1 | Q38: 2
A39: Rejection | B39: Jean Tan | C39: NY NJ | D39: RD | E39: P | F39: P | G39: P | H39: P | I39: 450 | J39: RD | L39: =SUMIF(A39:J39,"450") -> 450 | M39: =SUM(K39:L39) -> 450 | N39: =450*5 -> 2250 | O39: =N39-M39 -> 1800 | P39: =O39/N39*100% -> 0.8
A40: Rejection | B40: Jeannie Bajaro | C40: Multi | D40: P | E40: P | F40: RD | G40: RD | H40: VL | I40: P | J40: P | L40: =SUMIF(A40:J40,"450") -> 0 | M40: =SUM(K40:L40) -> 0 | N40: =450*4 -> 1800 | O40: =N40-M40 -> 1800 | P40: =O40/N40*100% -> 1 | Q40: 1
A41: Rejection | B41: Jericho Crame | C41: NJ | D41: RD | E41: P | F41: P | G41: P | H41: P | I41: P | J41: RD | L41: =SUMIF(A41:J41,"450") -> 0 | M41: =SUM(K41:L41) -> 0 | N41: =450*5 -> 2250 | O41: =N41-M41 -> 2250 | P41: =O41/N41*100% -> 1
A42: Billing | B42: Jesslyn Gatbunton | C42: NJ | D42: RD | E42: 7 | F42: 30 | G42: P | H42: 5 | I42: P | J42: RD | K42: =SUM(D42:J42) -> 42 | L42: =SUMIF(A42:J42,"450") -> 0 | M42: =SUM(K42:L42) -> 42 | N42: =450*5 -> 2250 | O42: =N42-M42 -> 2208 | P42: =O42/N42*100% -> 0.98133333
A43: Rejection | B43: Jester Limpin | C43: Multi | D43: P | E43: P | F43: RD | G43: RD | H43: P | I43: P | J43: 450 | L43: =SUMIF(A43:J43,"450") -> 450 | M43: =SUM(K43:L43) -> 450 | N43: =450*5 -> 2250 | O43: =N43-M43 -> 1800 | P43: =O43/N43*100% -> 0.8
A44: Rebill | B44: Jewel Mondina | C44: Multi | D44: RD | E44: P | F44: P | G44: P | H44: P | I44: P | J44: RD | L44: =SUMIF(A44:J44,"450") -> 0 | M44: =SUM(K44:L44) -> 0 | N44: =450*5 -> 2250 | O44: =N44-M44 -> 2250 | P44: =O44/N44*100% -> 1
A45: Billing | B45: Jimwell Osiang | C45: MA | D45: RD | E45: P | F45: 15 | G45: P | H45: P | I45: 22 | J45: RD | K45: =SUM(D45:J45) -> 37 | L45: =SUMIF(A45:J45,"450") -> 0 | M45: =SUM(K45:L45) -> 37 | N45: =450*5 -> 2250 | O45: =N45-M45 -> 2213 | P45: =O45/N45*100% -> 0.98355556
A46: Rejection | B46: Jizelle Delos Reyes | C46: NY | D46: RD | E46: 450 | F46: P | G46: P | H46: P | I46: P | J46: RD | L46: =SUMIF(A46:J46,"450") -> 450 | M46: =SUM(K46:L46) -> 450 | N46: =450*5 -> 2250 | O46: =N46-M46 -> 1800 | P46: =O46/N46*100% -> 0.8
A47: Rejection | B47: Joanna Cabrera | C47: NJ | D47: RD | E47: P | F47: P | G47: P | H47: 2 | I47: 55 | J47: RD | K47: =SUM(D47:J47) -> 57 | L47: =SUMIF(A47:J47,"450") -> 0 | M47: =SUM(K47:L47) -> 57 | N47: =450*5 -> 2250 | O47: =N47-M47 -> 2193 | P47: =O47/N47*100% -> 0.97466667
A48: Billing | B48: Johnella Lopez | C48: KY | D48: RD | E48: P | F48: P | G48: 14 | H48: P | I48: 11 | J48: RD | K48: =SUM(D48:J48) -> 25 | L48: =SUMIF(A48:J48,"450") -> 0 | M48: =SUM(K48:L48) -> 25 | N48: =450*5 -> 2250 | O48: =N48-M48 -> 2225 | P48: =O48/N48*100% -> 0.98888889
A49: Rejection | B49: Jonathan Marquez | C49: Multi | D49: RD | E49: P | F49: 1 | G49: P | H49: P | I49: P | J49: RD | K49: =SUM(D49:J49) -> 1 | L49: =SUMIF(A49:J49,"450") -> 0 | M49: =SUM(K49:L49) -> 1 | N49: =450*5 -> 2250 | O49: =N49-M49 -> 2249 | P49: =O49/N49*100% -> 0.99955556
A50: Intake | B50: Josea Aseron | C50: Multi | D50: P | E50: RD | F50: P | G50: P | H50: LWOP | I50: P | J50: P | L50: =SUMIF(A50:J50,"450") -> 0 | M50: =SUM(K50:L50) -> 0 | N50: =450*5 -> 2250 | O50: =N50-M50 -> 2250 | P50: =O50/N50*100% -> 1 | R50: 1
A51: Billing | B51: Joshua Joaquin | C51: IL | D51: RD | E51: P | F51: P | G51: P | H51: 1 | I51: P | J51: RD | K51: =SUM(D51:J51) -> 1 | L51: =SUMIF(A51:J51,"450") -> 0 | M51: =SUM(K51:L51) -> 1 | N51: =450*5 -> 2250 | O51: =N51-M51 -> 2249 | P51: =O51/N51*100% -> 0.99955556
A52: Billing | B52: Jouse Baquiran | C52: NJ | D52: RD | E52: P | F52: P | G52: P | H52: 1 | I52: P | J52: RD | K52: =SUM(D52:J52) -> 1 | L52: =SUMIF(A52:J52,"450") -> 0 | M52: =SUM(K52:L52) -> 1 | N52: =450*5 -> 2250 | O52: =N52-M52 -> 2249 | P52: =O52/N52*100% -> 0.99955556
A53: Billing | B53: Julieann Manasan | C53: MA | D53: RD | E53: P | F53: 450 | G53: 450 | H53: P | I53: 450 | J53: RD | L53: =SUMIF(A53:J53,"450") -> 1350 | M53: =SUM(K53:L53) -> 1350 | N53: =450*5 -> 2250 | O53: =N53-M53 -> 900 | P53: =O53/N53*100% -> 0.4
A54: Rejection | B54: Jullyca Oblefias | C54: NY | D54: RD | E54: P | F54: P | G54: P | H54: P | I54: P | J54: RD | L54: =SUMIF(A54:J54,"450") -> 0 | M54: =SUM(K54:L54) -> 0 | N54: =450*5 -> 2250 | O54: =N54-M54 -> 2250 | P54: =O54/N54*100% -> 1
A55: Mpen | B55: Karl Solomon | C55: Multi | D55: RD | E55: P | F55: P | G55: 11 | H55: P | I55: 25 | J55: RD | K55: =SUM(D55:J55) -> 36 | L55: =SUMIF(A55:J55,"450") -> 0 | M55: =SUM(K55:L55) -> 36 | N55: =450*5 -> 2250 | O55: =N55-M55 -> 2214 | P55: =O55/N55*100% -> 0.984
A56: Rejection | B56: Karlos De Leon | C56: NJ | D56: RD | E56: RD | F56: P | G56: P | H56: P | I56: P | J56: P | K56: =SUM(D56:J56) -> 0 | L56: =SUMIF(A56:J56,"450") -> 0 | M56: =SUM(K56:L56) -> 0 | N56: =450*5 -> 2250 | O56: =N56-M56 -> 2250 | P56: =O56/N56*100% -> 1
A57: Billing | B57: Kate Constantino | C57: KY | D57: RD | E57: P | F57: P | G57: P | H57: VL | I57: VL | J57: RD | L57: =SUMIF(A57:J57,"450") -> 0 | M57: =SUM(K57:L57) -> 0 | N57: =450*3 -> 1350 | O57: =N57-M57 -> 1350 | P57: =O57/N57*100% -> 1 | Q57: 2
A58: Intake | B58: Katrina Go | C58: Multi | D58: RD | E58: RD | F58: P | G58: P | H58: P | I58: P | J58: LWOP | L58: =SUMIF(A58:J58,"450") -> 0 | M58: =SUM(K58:L58) -> 0 | N58: =450*4 -> 1800 | O58: =N58-M58 -> 1800 | P58: =O58/N58*100% -> 1 | R58: 1
A59: Rejection | B59: Kaxyleh Masilongan | C59: NY | D59: RD | E59: 18 | F59: P | G59: 7 | H59: P | I59: P | J59: RD | K59: =SUM(D59:J59) -> 25 | L59: =SUMIF(A59:J59,"450") -> 0 | M59: =SUM(K59:L59) -> 25 | N59: =450*5 -> 2250 | O59: =N59-M59 -> 2225 | P59: =O59/N59*100% -> 0.98888889
A60: Intake | B60: Kiana Brown | C60: Multi | D60: RD | E60: RD | F60: P | G60: P | H60: P | I60: P | J60: P | L60: =SUMIF(A60:J60,"450") -> 0 | M60: =SUM(K60:L60) -> 0 | N60: =450*5 -> 2250 | O60: =N60-M60 -> 2250 | P60: =O60/N60*100% -> 1
A61: Rejection | B61: Kizzy Serrano | C61: IL | D61: RD | E61: P | F61: P | G61: 8 | H61: P | I61: P | J61: RD | K61: =SUM(D61:J61) -> 8 | L61: =SUMIF(A61:J61,"450") -> 0 | M61: =SUM(K61:L61) -> 8 | N61: =450*5 -> 2250 | O61: =N61-M61 -> 2242 | P61: =O61/N61*100% -> 0.99644444
A62: Billing | B62: Kyzen Hayagan | C62: MA | D62: RD | E62: P | F62: 7 | G62: 450 | H62: P | I62: P | J62: RD | K62: =F62 -> 7 | L62: =SUMIF(A62:J62,"450") -> 450 | M62: =SUM(K62:L62) -> 457 | N62: =450*5 -> 2250 | O62: =N62-M62 -> 1793 | P62: =O62/N62*100% -> 0.79688889
A63: Billing | B63: Lea Alagadmo | C63: MA | D63: RD | E63: VL | F63: VL | G63: P | H63: P | I63: 7 | J63: RD | K63: =SUM(D63:J63) -> 7 | L63: =SUMIF(A63:J63,"450") -> 0 | M63: =SUM(K63:L63) -> 7 | N63: =450*3 -> 1350 | O63: =N63-M63 -> 1343 | P63: =O63/N63*100% -> 0.99481481 | Q63: 2
A64: Mpen | B64: Leo Olesco | C64: Multi | D64: RD | E64: VL | F64: P | G64: P | H64: P | I64: P | J64: RD | L64: =SUMIF(A64:J64,"450") -> 0 | M64: =SUM(K64:L64) -> 0 | N64: =450*4 -> 1800 | O64: =N64-M64 -> 1800 | P64: =O64/N64*100% -> 1 | Q64: 1
A65: Billing | B65: Lorraine Cabantac | C65: NJ | D65: RD | E65: P | F65: P | G65: P | H65: P | I65: 218 | J65: RD | K65: =SUM(D65:J65) -> 218 | L65: =SUMIF(A65:J65,"450") -> 0 | M65: =SUM(K65:L65) -> 218 | N65: =450*5 -> 2250 | O65: =N65-M65 -> 2032 | P65: =O65/N65*100% -> 0.90311111
A66: Billing | B66: Louis Cantillion | C66: NJ | D66: RD | E66: P | F66: P | G66: P | H66: P | I66: P | J66: RD | K66: =SUM(D66:J66) -> 0 | L66: =SUMIF(A66:J66,"450") -> 0 | M66: =SUM(K66:L66) -> 0 | N66: =450*5 -> 2250 | O66: =N66-M66 -> 2250 | P66: =O66/N66*100% -> 1
A67: Rejection | B67: Margie Theres A Magluyan | C67: Multi | D67: 270 | E67: 72 | F67: P | G67: RD | H67: RD | I67: P | J67: P | K67: =SUM(D67:J67) -> 342 | L67: =SUMIF(A67:J67,"450") -> 0 | M67: =SUM(K67:L67) -> 342 | N67: =450*5 -> 2250 | O67: =N67-M67 -> 1908 | P67: =O67/N67*100% -> 0.848
A68: Billing | B68: Marion Vien Santos | C68: KY | D68: RD | E68: P | F68: 9 | G68: P | H68: P | I68: P | J68: RD | K68: =SUM(D68:J68) -> 9 | L68: =SUMIF(A68:J68,"450") -> 0 | M68: =SUM(K68:L68) -> 9 | N68: =450*5 -> 2250 | O68: =N68-M68 -> 2241 | P68: =O68/N68*100% -> 0.996
A69: Billing | B69: Mark Bienes | C69: NY | D69: RD | E69: P | F69: P | G69: P | H69: P | I69: P | J69: RD | L69: =SUMIF(A69:J69,"450") -> 0 | M69: =SUM(K69:L69) -> 0 | N69: =450*5 -> 2250 | O69: =N69-M69 -> 2250 | P69: =O69/N69*100% -> 1
A70: Billing | B70: Mark Frankie Pecolera | C70: IL | D70: RD | E70: P | F70: P | G70: P | H70: P | I70: P | J70: RD | L70: =SUMIF(A70:J70,"450") -> 0 | M70: =SUM(K70:L70) -> 0 | N70: =450*5 -> 2250 | O70: =N70-M70 -> 2250 | P70: =O70/N70*100% -> 1
A71: Mpen | B71: Mark Metra | C71: Multi | D71: RD | E71: LWOP | F71: LWOP | G71: 450 | H71: 450 | I71: 450 | J71: RD | L71: =SUMIF(A71:J71,"450") -> 1350 | M71: =SUM(K71:L71) -> 1350 | N71: =450*3 -> 1350 | O71: =N71-M71 -> 0 | P71: =O71/N71*100% -> 0 | R71: 2
A72: Rejection | B72: Mary Dela Cruz | C72: IL | D72: RD | E72: P | F72: P | G72: P | H72: P | I72: P | J72: RD | L72: =SUMIF(A72:J72,"450") -> 0 | M72: =SUM(K72:L72) -> 0 | N72: =450*5 -> 2250 | O72: =N72-M72 -> 2250 | P72: =O72/N72*100% -> 1
A73: Rejection | B73: Mary Kilario | C73: KY/IL | D73: RD | E73: P | F73: 450 | G73: P | H73: P | I73: P | J73: RD | L73: =SUMIF(A73:J73,"450") -> 450 | M73: =SUM(K73:L73) -> 450 | N73: =450*5 -> 2250 | O73: =N73-M73 -> 1800 | P73: =O73/N73*100% -> 0.8
A74: ALF | B74: Mayann Somera | C74: Multi | D74: RD | E74: P | F74: P | G74: P | H74: P | I74: P | J74: RD | L74: =SUMIF(A74:J74,"450") -> 0 | M74: =SUM(K74:L74) -> 0 | N74: =450*5 -> 2250 | O74: =N74-M74 -> 2250 | P74: =O74/N74*100% -> 1
A75: Billing | B75: Mherica Santos | C75: KY | D75: RD | E75: P | F75: 9 | G75: P | H75: 1 | I75: P | J75: RD | K75: =SUM(D75:J75) -> 10 | L75: =SUMIF(A75:J75,"450") -> 0 | M75: =SUM(K75:L75) -> 10 | N75: =450*5 -> 2250 | O75: =N75-M75 -> 2240 | P75: =O75/N75*100% -> 0.99555556
A76: Rejection | B76: Mikaella Santos | C76: Multi | D76: P | E76: P | F76: RD | G76: RD | H76: P | I76: P | J76: P | L76: =SUMIF(A76:J76,"450") -> 0 | M76: =SUM(K76:L76) -> 0 | N76: =450*5 -> 2250 | O76: =N76-M76 -> 2250 | P76: =O76/N76*100% -> 1
A77: Intake | B77: Nerissa Ong | C77: Multi | D77: RD | E77: RD | F77: 2 | G77: 2 | H77: P | I77: P | J77: P | K77: =SUM(D77:J77) -> 4 | L77: =SUMIF(A77:J77,"450") -> 0 | M77: =SUM(K77:L77) -> 4 | N77: =450*5 -> 2250 | O77: =N77-M77 -> 2246 | P77: =O77/N77*100% -> 0.99822222
A78: Billing | B78: Noemi Landerito | C78: IL | D78: RD | E78: VL | F78: 41 | G78: P | H78: 3 | I78: P | J78: RD | K78: =SUM(D78:J78) -> 44 | L78: =SUMIF(A78:J78,"450") -> 0 | M78: =SUM(K78:L78) -> 44 | N78: =450*4 -> 1800 | O78: =N78-M78 -> 1756 | P78: =O78/N78*100% -> 0.97555556 | Q78: 1
A79: Billing | B79: Patricia Busio | C79: NJ | D79: RD | E79: 450 | F79: P | G79: P | H79: P | I79: P | J79: RD | L79: =SUMIF(A79:J79,"450") -> 450 | M79: =SUM(K79:L79) -> 450 | N79: =450*5 -> 2250 | O79: =N79-M79 -> 1800 | P79: =O79/N79*100% -> 0.8
A80: Billing | B80: Rafunzel M Manuel | C80: MA | D80: RD | E80: P | F80: P | G80: P | H80: P | I80: P | J80: RD | L80: =SUMIF(A80:J80,"450") -> 0 | M80: =SUM(K80:L80) -> 0 | N80: =450*5 -> 2250 | O80: =N80-M80 -> 2250 | P80: =O80/N80*100% -> 1
A81: Billing | B81: Raphael Macasocol | C81: IL | D81: RD | E81: P | F81: P | G81: P | H81: VL | I81: VL | J81: RD | L81: =SUMIF(A81:J81,"450") -> 0 | M81: =SUM(K81:L81) -> 0 | N81: =450*3 -> 1350 | O81: =N81-M81 -> 1350 | P81: =O81/N81*100% -> 1 | Q81: 2
A82: Intake | B82: Remaden Bautista | C82: Multi | D82: RD | E82: P | F82: 2 | G82: P | H82: P | I82: P | J82: RD | K82: =SUM(D82:J82) -> 2 | L82: =SUMIF(A82:J82,"450") -> 0 | M82: =SUM(K82:L82) -> 2 | N82: =450*5 -> 2250 | O82: =N82-M82 -> 2248 | P82: =O82/N82*100% -> 0.99911111
A83: Rejection | B83: Rhona Sanejo | C83: KY | D83: RD | E83: RD | F83: P | G83: RD | H83: RD | I83: P | J83: P | L83: =SUMIF(A83:J83,"450") -> 0 | M83: =SUM(K83:L83) -> 0 | N83: =450*3 -> 1350 | O83: =N83-M83 -> 1350 | P83: =O83/N83*100% -> 1
A84: Billing | B84: Ricalyn Clarencio | C84: IL | D84: RD | E84: P | F84: P | G84: 224 | H84: P | I84: P | J84: RD | K84: =SUM(D84:J84) -> 224 | L84: =SUMIF(A84:J84,"450") -> 0 | M84: =SUM(K84:L84) -> 224 | N84: =450*5 -> 2250 | O84: =N84-M84 -> 2026 | P84: =O84/N84*100% -> 0.90044444
A85: Billing | B85: Rosalinda Pantua | C85: MA | D85: RD | E85: P | F85: P | G85: LWOP | H85: LWOP | I85: 450 | J85: RD | L85: =SUMIF(A85:J85,"450") -> 450 | M85: =SUM(K85:L85) -> 450 | N85: =450*3 -> 1350 | O85: =N85-M85 -> 900 | P85: =O85/N85*100% -> 0.66666667 | R85: 2
A86: Billing | B86: Roxinne Madolid | C86: IL | D86: RD | E86: P | F86: P | G86: P | H86: P | I86: P | J86: RD | L86: =SUMIF(A86:J86,"450") -> 0 | M86: =SUM(K86:L86) -> 0 | N86: =450*5 -> 2250 | O86: =N86-M86 -> 2250 | P86: =O86/N86*100% -> 1
A87: Rejection | B87: Rubyneil Abejero | C87: Multi | D87: RD | E87: P | F87: P | G87: P | H87: P | I87: P | J87: RD | L87: =SUMIF(A87:J87,"450") -> 0 | M87: =SUM(K87:L87) -> 0 | N87: =450*5 -> 2250 | O87: =N87-M87 -> 2250 | P87: =O87/N87*100% -> 1
A88: Rejection | B88: Ruth Dela Cruz | C88: KY/IL | D88: RD | E88: P | F88: P | G88: 450 | H88: P | I88: P | J88: RD | L88: =SUMIF(A88:J88,"450") -> 450 | M88: =SUM(K88:L88) -> 450 | N88: =450*5 -> 2250 | O88: =N88-M88 -> 1800 | P88: =O88/N88*100% -> 0.8
A89: Billing | B89: Ryan Rillo | C89: KY | D89: RD | E89: P | F89: P | G89: LWOP | H89: LWOP | I89: LWOP | J89: RD | L89: =SUMIF(A89:J89,"450") -> 0 | M89: =SUM(K89:L89) -> 0 | N89: =450*2 -> 900 | O89: =N89-M89 -> 900 | P89: =O89/N89*100% -> 1 | R89: 3
A90: Rejection | B90: Sandarah Cruz | C90: IL | D90: RD | E90: P | F90: 450 | G90: P | H90: P | I90: 3 | J90: RD | K90: =I90 -> 3 | L90: =SUMIF(A90:J90,"450") -> 450 | M90: =SUM(K90:L90) -> 453 | N90: =450*5 -> 2250 | O90: =N90-M90 -> 1797 | P90: =O90/N90*100% -> 0.79866667
A91: Billing | B91: Sean Edulan | C91: NJ | D91: RD | E91: P | F91: 46 | G91: 2 | H91: P | I91: 2 | J91: RD | K91: =SUM(D91:J91) -> 50 | L91: =SUMIF(A91:J91,"450") -> 0 | M91: =SUM(K91:L91) -> 50 | N91: =450*5 -> 2250 | O91: =N91-M91 -> 2200 | P91: =O91/N91*100% -> 0.97777778
A92: Billing | B92: Stephanie Del Rosario | C92: NJ | D92: RD | E92: 450 | F92: P | G92: 16 | H92: P | I92: 450 | J92: RD | K92: =G92 -> 16 | L92: =SUMIF(A92:J92,"450") -> 900 | M92: =SUM(K92:L92) -> 916 | N92: =450*5 -> 2250 | O92: =N92-M92 -> 1334 | P92: =O92/N92*100% -> 0.59288889
A93: Billing | B93: Syra Jade Yaranon | C93: NY | D93: RD | E93: 74 | F93: P | G93: P | H93: P | I93: P | J93: RD | K93: =SUM(D93:J93) -> 74 | L93: =SUMIF(A93:J93,"450") -> 0 | M93: =SUM(K93:L93) -> 74 | N93: =450*5 -> 2250 | O93: =N93-M93 -> 2176 | P93: =O93/N93*100% -> 0.96711111
A94: Billing | B94: Theresa Ma Alvaro | C94: NJ | D94: RD | E94: P | F94: 15 | G94: P | H94: P | I94: P | J94: RD | K94: =SUM(D94:J94) -> 15 | L94: =SUMIF(A94:J94,"450") -> 0 | M94: =SUM(K94:L94) -> 15 | N94: =450*5 -> 2250 | O94: =N94-M94 -> 2235 | P94: =O94/N94*100% -> 0.99333333
A95: Rejection | B95: Tricia Galsim | C95: NJ | D95: RD | E95: 10 | F95: 3 | G95: P | H95: P | I95: P | J95: RD | K95: =SUM(D95:J95) -> 13 | L95: =SUMIF(A95:J95,"450") -> 0 | M95: =SUM(K95:L95) -> 13 | N95: =450*5 -> 2250 | O95: =N95-M95 -> 2237 | P95: =O95/N95*100% -> 0.99422222
A96: Billing | B96: Vianka Ylaine Ortiz | C96: NY | D96: RD | E96: P | F96: P | G96: P | H96: P | I96: VL | J96: RD | L96: =SUMIF(A96:J96,"450") -> 0 | M96: =SUM(K96:L96) -> 0 | N96: =450*4 -> 1800 | O96: =N96-M96 -> 1800 | P96: =O96/N96*100% -> 1 | R96: 1
A97: Rejection | B97: Vincent Paolo Villasenor | C97: Multi | D97: RD | E97: P | F97: 450 | G97: 450 | H97: P | I97: 65 | J97: RD | K97: =I97 -> 65 | L97: =SUMIF(A97:J97,"450") -> 900 | M97: =SUM(K97:L97) -> 965 | N97: =450*5 -> 2250 | O97: =N97-M97 -> 1285 | P97: =O97/N97*100% -> 0.57111111
A98: Rejection | B98: Vladimir Patio | C98: Multi | D98: RD | E98: P | F98: P | G98: P | H98: P | I98: P | J98: RD | L98: =SUMIF(A98:J98,"450") -> 0 | M98: =SUM(K98:L98) -> 0 | N98: =450*5 -> 2250 | O98: =N98-M98 -> 2250 | P98: =O98/N98*100% -> 1
A99: Billing | B99: Xenrel Mae O Dacubar | C99: NY | D99: RD | E99: P | F99: P | G99: 2 | H99: P | I99: 9 | J99: RD | K99: =SUM(D99:J99) -> 11 | L99: =SUMIF(A99:J99,"450") -> 0 | M99: =SUM(K99:L99) -> 11 | N99: =450*5 -> 2250 | O99: =N99-M99 -> 2239 | P99: =O99/N99*100% -> 0.99511111
K100: =SUM(K2:K99) -> 2079 | L100: =SUM(L2:L99) -> 15300 | M100: =SUM(M2:M99) -> 17379 | N100: =SUM(N2:N99) -> 207900 | O100: =SUM(O2:O99) -> 190521 | P100: =AVERAGE(P2:P99) -> 0.91470446
...

Sheet JWeek2
A1: Department | B1: Full Name | C1: State | D1: SUNDAY | E1: MONDAY | F1: TUESDAY | G1: WEDNESDAY | H1: THURSDAY | I1: FRIDAY | J1: SATURDAY | K1: Tardiness | L1: Absences | M1: Lost Hours | N1: Target | O1: Completed | P1: Attendance | Q1: VL | R1: LWOP | T1: Row Labels | U1: Sum of Tardiness | V1: Sum of Absences | W1: Sum of Lost Hours | X1: Sum of Completed | Y1: Sum of Target | Z1: Average of Attendance
A2: Billing | B2: Alexandra Ortiz | C2: KY | D2: RD | E2: P | F2: 106 | G2: P | H2: P | I2: LWOP | J2: RD | K2: =SUM(F2:I2) -> 106 | L2: =SUMIF(D2:J2,"450") -> 0 | M2: =SUM(K2:L2) -> 106 | N2: =450*4 -> 1800 | O2: =N2-M2 -> 1694 | P2: =O2/N2*100% -> 0.94111111 | R2: 1 | T2: ALF | U2: 0 | V2: 0 | W2: 0 | X2: 2250 | Y2: 2250 | Z2: 1
A3: Rejection | B3: Alyssa DeGuzman | C3: KY | D3: P | E3: P | F3: RD | G3: RD | H3: 450 | I3: 7 | J3: P | K3: =I3 -> 7 | L3: =SUMIF(D3:J3,"450") -> 450 | M3: =SUM(K3:L3) -> 457 | N3: =450*5 -> 2250 | O3: =N3-M3 -> 1793 | P3: =O3/N3*100% -> 0.79688889 | T3: Billing | U3: 1617 | V3: 4950 | W3: 6567 | X3: 81183 | Y3: 87750 | Z3: 0.92668056
A4: Rejection | B4: Analyn Caniedo | C4: IL | D4: P | E4: P | F4: RD | G4: RD | H4: P | I4: 2 | J4: P | K4: =SUM(D4:J4) -> 2 | L4: =SUMIF(D4:J4,"450") -> 0 | M4: =SUM(K4:L4) -> 2 | N4: =450*5 -> 2250 | O4: =N4-M4 -> 2248 | P4: =O4/N4*100% -> 0.99911111 | T4: Intake | U4: 491 | V4: 450 | W4: 941 | X4: 21109 | Y4: 22050 | Z4: 0.95551111
A5: Billing | B5: Analyn Diaz | C5: NJ | D5: RD | E5: 6 | F5: 4 | G5: 48 | H5: P | I5: P | J5: RD | K5: =SUM(E5:I5) -> 58 | L5: =SUMIF(D5:J5,"450") -> 0 | M5: =SUM(K5:L5) -> 58 | N5: =450*5 -> 2250 | O5: =N5-M5 -> 2192 | P5: =O5/N5*100% -> 0.97422222 | T5: Mpen | U5: 0 | V5: 900 | W5: 900 | X5: 7650 | Y5: 8550 | Z5: 0.9
A6: Rejection | B6: Andrea Fonacier | C6: KY/IL | D6: RD | E6: 16 | F6: P | G6: P | H6: 5 | I6: 11 | J6: RD | K6: =SUM(D6:J6) -> 32 | L6: =SUMIF(D6:J6,"450") -> 0 | M6: =SUM(K6:L6) -> 32 | N6: =450*5 -> 2250 | O6: =N6-M6 -> 2218 | P6: =O6/N6*100% -> 0.98577778 | T6: Rebill | U6: 0 | V6: 0 | W6: 0 | X6: 4500 | Y6: 4500 | Z6: 1
A7: Intake | B7: Angelica Bautista | C7: Multi | D7: P | E7: P | F7: P | G7: P | H7: P | I7: RD | J7: RD | K7: =SUM(D7:J7) -> 0 | L7: =SUMIF(D7:J7,"450") -> 0 | M7: =SUM(K7:L7) -> 0 | N7: =450*5 -> 2250 | O7: =N7-M7 -> 2250 | P7: =O7/N7*100% -> 1 | T7: Rejection | U7: 552 | V7: 2700 | W7: 3252 | X7: 77748 | Y7: 81000 | Z7: 0.95985185
A8: Billing | B8: Angelo Agron | C8: NJ | D8: RD | E8: 13 | F8: LWOP | G8: P | H8: P | I8: P | J8: RD | K8: =SUM(E8:I8) -> 13 | L8: =SUMIF(D8:J8,"450") -> 0 | M8: =SUM(K8:L8) -> 13 | N8: =450*4 -> 1800 | O8: =N8-M8 -> 1787 | P8: =O8/N8*100% -> 0.99277778 | T8: Grand Total | U8: 2660 | V8: 9000 | W8: 11660 | X8: 194440 | Y8: 206100 | Z8: 0.94383871
A9: Billing | B9: Anthea Ann Lumen | C9: KY | D9: RD | E9: P | F9: 6 | G9: P | H9: P | I9: 115 | J9: RD | K9: =SUM(D9:I9) -> 121 | L9: =SUMIF(D9:J9,"450") -> 0 | M9: =SUM(K9:L9) -> 121 | N9: =450*5 -> 2250 | O9: =N9-M9 -> 2129 | P9: =O9/N9*100% -> 0.94622222
A10: Billing | B10: Anthony Valdez | C10: KY | D10: RD | E10: P | F10: P | G10: P | H10: P | I10: P | J10: RD | K10: =SUM(D10:I10) -> 0 | L10: =SUMIF(D10:J10,"450") -> 0 | M10: =SUM(K10:L10) -> 0 | N10: =450*5 -> 2250 | O10: =N10-M10 -> 2250 | P10: =O10/N10*100% -> 1
A11: Intake | B11: Ar Jean Tudtud | C11: Multi | D11: RD | E11: RD | F11: P | G11: P | H11: P | I11: P | J11: P | K11: =SUM(D11:I11) -> 0 | L11: =SUMIF(D11:J11,"450") -> 0 | M11: =SUM(K11:L11) -> 0 | N11: =450*5 -> 2250 | O11: =N11-M11 -> 2250 | P11: =O11/N11*100% -> 1 | T11: Row Labels | U11: Average of Attendance
A12: Rejection | B12: Arah Blancia | C12: IL | D12: P | E12: P | F12: P | G12: RD | H12: RD | I12: P | J12: P | K12: =SUM(D12:J12) -> 0 | L12: =SUMIF(D12:J12,"450") -> 0 | M12: =SUM(K12:L12) -> 0 | N12: =450*5 -> 2250 | O12: =N12-M12 -> 2250 | P12: =O12/N12*100% -> 1 | T12: Rejection | U12: 0.95985185
A13: Rejection | B13: Avril Rie Son | C13: NJ | D13: RD | E13: 16 | F13: P | G13: 26 | H13: P | I13: 6 | J13: RD | L13: =SUMIF(D13:J13,"450") -> 0 | M13: =SUM(K13:L13) -> 0 | N13: =450*5 -> 2250 | O13: =N13-M13 -> 2250 | P13: =O13/N13*100% -> 1 | T13: Alyssa DeGuzman | U13: 0.79688889
A14: Rejection | B14: Bea Mercado | C14: NJ | D14: RD | E14: P | F14: P | G14: P | H14: P | I14: P | J14: RD | K14: =SUM(D14:J14) -> 0 | L14: =SUMIF(D14:J14,"450") -> 0 | M14: =SUM(K14:L14) -> 0 | N14: =450*5 -> 2250 | O14: =N14-M14 -> 2250 | P14: =O14/N14*100% -> 1 | T14: Analyn Caniedo | U14: 0.99911111
A15: Rejection | B15: Charlene Valdez | C15: MA/NY/NJ (KY/IL) | D15: RD | E15: P | F15: P | G15: P | H15: P | I15: P | J15: RD | K15: =SUM(D15:J15) -> 0 | L15: =SUMIF(D15:J15,"450") -> 0 | M15: =SUM(K15:L15) -> 0 | N15: =450*5 -> 2250 | O15: =N15-M15 -> 2250 | P15: =O15/N15*100% -> 1 | T15: Andrea Fonacier | U15: 0.98577778
A16: Rejection | B16: Charyselle Cadelina | C16: KY | D16: RD | E16: 4 | F16: 9 | G16: P | H16: P | I16: 1 | J16: RD | K16: =SUM(D16:J16) -> 14 | L16: =SUMIF(D16:J16,"450") -> 0 | M16: =SUM(K16:L16) -> 14 | N16: =450*5 -> 2250 | O16: =N16-M16 -> 2236 | P16: =O16/N16*100% -> 0.99377778 | T16: Arah Blancia | U16: 1
A17: Intake | B17: Collen Silapan | C17: Multi | D17: P | E17: P | F17: P | G17: P | H17: P | I17: RD | J17: RD | K17: =SUM(D17:J17) -> 0 | L17: =SUMIF(D17:J17,"450") -> 0 | M17: =SUM(K17:L17) -> 0 | N17: =450*5 -> 2250 | O17: =N17-M17 -> 2250 | P17: =O17/N17*100% -> 1 | T17: Avril Rie Son | U17: 1
A18: Rejection | B18: Danielle Generao | C18: KY | D18: RD | E18: P | F18: 40 | G18: 11 | H18: P | I18: 83 | J18: RD | K18: =SUM(D18:J18) -> 134 | L18: =SUMIF(D18:J18,"450") -> 0 | M18: =SUM(K18:L18) -> 134 | N18: =450*5 -> 2250 | O18: =N18-M18 -> 2116 | P18: =O18/N18*100% -> 0.94044444 | T18: Bea Mercado | U18: 1
A19: Rejection | B19: Edmark Bania | C19: Multi | D19: P | E19: 2 | F19: P | G19: RD | H19: RD | I19: 450 | J19: 450 | K19: =E19 -> 2 | L19: =SUMIF(D19:J19,"450") -> 900 | M19: =SUM(K19:L19) -> 902 | N19: =450*5 -> 2250 | O19: =N19-M19 -> 1348 | P19: =O19/N19*100% -> 0.59911111 | T19: Charlene Valdez | U19: 1
A20: Billing | B20: Eldrick Loreno | C20: NY | D20: RD | E20: P | F20: P | G20: P | H20: P | I20: 450 | J20: RD | L20: =SUMIF(D20:J20,"450") -> 450 | M20: =SUM(K20:L20) -> 450 | N20: =450*5 -> 2250 | O20: =N20-M20 -> 1800 | P20: =O20/N20*100% -> 0.8 | T20: Charyselle Cadelina | U20: 0.99377778
A21: Rebill | B21: Erika Ramos | C21: Multi | D21: RD | E21: P | F21: P | G21: P | H21: P | I21: P | J21: RD | K21: =SUM(E21:I21) -> 0 | L21: =SUMIF(D21:J21,"450") -> 0 | M21: =SUM(K21:L21) -> 0 | N21: =450*5 -> 2250 | O21: =N21-M21 -> 2250 | P21: =O21/N21*100% -> 1 | T21: Danielle Generao | U21: 0.94044444
A22: Billing | B22: Ethel Gregorio | C22: MA | D22: RD | E22: 17 | F22: 18 | G22: 2 | H22: 3 | I22: 11 | J22: RD | K22: =SUM(D22:I22) -> 51 | L22: =SUMIF(D22:J22,"450") -> 0 | M22: =SUM(K22:L22) -> 51 | N22: =450*5 -> 2250 | O22: =N22-M22 -> 2199 | P22: =O22/N22*100% -> 0.97733333 | T22: Edmark Bania | U22: 0.59911111
A23: Billing | B23: Eunice Bargo | C23: MA | D23: RD | E23: 1 | F23: 14 | G23: P | H23: P | I23: P | J23: RD | K23: =SUM(D23:I23) -> 15 | L23: =SUMIF(D23:J23,"450") -> 0 | M23: =SUM(K23:L23) -> 15 | N23: =450*5 -> 2250 | O23: =N23-M23 -> 2235 | P23: =O23/N23*100% -> 0.99333333 | T23: Eunice Padadnan | U23: 1
A24: Rejection | B24: Eunice Padadnan | C24: NY | D24: RD | E24: P | F24: P | G24: P | H24: P | I24: P | J24: RD | K24: =SUM(D24:J24) -> 0 | L24: =SUMIF(D24:J24,"450") -> 0 | M24: =SUM(K24:L24) -> 0 | N24: =450*5 -> 2250 | O24: =N24-M24 -> 2250 | P24: =O24/N24*100% -> 1 | T24: Francis Alba | U24: 1
A25: Billing | B25: Femie DC Domenden | C25: IL | D25: RD | E25: 9 | F25: P | G25: P | H25: P | I25: P | J25: RD | K25: =SUM(D25:J25) -> 9 | L25: =SUMIF(D25:J25,"450") -> 0 | M25: =SUM(K25:L25) -> 9 | N25: =450*5 -> 2250 | O25: =N25-M25 -> 2241 | P25: =O25/N25*100% -> 0.996 | T25: Glessie DeJesus | U25: 1
A26: Rejection | B26: Francis Alba | C26: Multi | D26: RD | E26: P | F26: P | G26: P | H26: P | I26: VL | J26: RD | K26: =SUM(D26:J26) -> 0 | L26: =SUMIF(D26:J26,"450") -> 0 | M26: =SUM(K26:L26) -> 0 | N26: =450*5 -> 2250 | O26: =N26-M26 -> 2250 | P26: =O26/N26*100% -> 1 | Q26: 1 | T26: Hanna Arceo | U26: 0.93466667
A27: Billing | B27: Francis Narboneta | C27: IL | D27: RD | E27: P | F27: 232 | G27: 450 | H27: 240 | I27: P | J27: RD | K27: =F27+H27 -> 472 | L27: =SUMIF(D27:J27,"450") -> 450 | M27: =SUM(K27:L27) -> 922 | N27: =450*5 -> 2250 | O27: =N27-M27 -> 1328 | P27: =O27/N27*100% -> 0.59022222 | T27: Iris Dahnielle Andalleon | U27: 1
A28: Billing | B28: Gladys Astilla | C28: MA | D28: RD | E28: 8 | F28: P | G28: P | H28: P | I28: VL | J28: RD | K28: =SUM(D28:I28) -> 8 | L28: =SUMIF(D28:J28,"450") -> 0 | M28: =SUM(K28:L28) -> 8 | N28: =450*4 -> 1800 | O28: =N28-M28 -> 1792 | P28: =O28/N28*100% -> 0.99555556 | Q28: 1 | T28: Jean Tan | U28: 1
A29: Rejection | B29: Glessie DeJesus | C29: KY | D29: RD | E29: P | F29: P | G29: P | H29: P | I29: P | J29: RD | K29: =SUM(D29:J29) -> 0 | L29: =SUMIF(D29:J29,"450") -> 0 | M29: =SUM(K29:L29) -> 0 | N29: =450*5 -> 2250 | O29: =N29-M29 -> 2250 | P29: =O29/N29*100% -> 1 | T29: Jeannie Bajaro | U29: 1
A30: Billing | B30: Glory Nabayra | C30: IL | D30: RD | E30: P | F30: P | G30: P | H30: P | I30: 45 | J30: RD | K30: =SUM(D30:J30) -> 45 | L30: =SUMIF(D30:J30,"450") -> 0 | M30: =SUM(K30:L30) -> 45 | N30: =450*5 -> 2250 | O30: =N30-M30 -> 2205 | P30: =O30/N30*100% -> 0.98 | T30: Jericho Crame | U30: 1
A31: Rejection | B31: Hanna Arceo | C31: KY | D31: RD | E31: P | F31: 13 | G31: 115 | H31: 2 | I31: 17 | J31: RD | K31: =SUM(D31:J31) -> 147 | L31: =SUMIF(D31:J31,"450") -> 0 | M31: =SUM(K31:L31) -> 147 | N31: =450*5 -> 2250 | O31: =N31-M31 -> 2103 | P31: =O31/N31*100% -> 0.93466667 | T31: Jizelle Delos Reyes | U31: 1
A32: Mpen | B32: Hans Ruan | C32: Multi | D32: RD | E32: RD | F32: VL | G32: P | H32: P | I32: P | J32: P | K32: =SUM(E32:I32) -> 0 | L32: =SUMIF(D32:J32,"450") -> 0 | M32: =SUM(K32:L32) -> 0 | N32: =450*4 -> 1800 | O32: =N32-M32 -> 1800 | P32: =O32/N32*100% -> 1 | T32: Joanna Cabrera | U32: 0.99555556
A33: Intake | B33: Hazelyn Rodrigo | C33: Multi | D33: 19 | E33: 18 | F33: RD | G33: RD | H33: P | I33: P | J33: 202 | K33: =SUM(D33:J33) -> 239 | L33: =SUMIF(D33:J33,"450") -> 0 | M33: =SUM(K33:L33) -> 239 | N33: =450*5 -> 2250 | O33: =N33-M33 -> 2011 | P33: =O33/N33*100% -> 0.89377778 | T33: Jonathan Marquez | U33: 1
A34: Rejection | B34: Iris Dahnielle Andalleon | C34: Multi | D34: P | E34: P | F34: P | G34: RD | H34: RD | I34: P | J34: P | K34: =SUM(D34:J34) -> 0 | L34: =SUMIF(D34:J34,"450") -> 0 | M34: =SUM(K34:L34) -> 0 | N34: =450*5 -> 2250 | O34: =N34-M34 -> 2250 | P34: =O34/N34*100% -> 1 | T34: Jullyca Oblefias | U34: 1
A35: Intake | B35: Isabela Arellano | C35: Multi | D35: P | E35: P | F35: P | G35: P | H35: P | I35: RD | J35: RD | K35: =SUM(D35:J35) -> 0 | L35: =SUMIF(D35:J35,"450") -> 0 | M35: =SUM(K35:L35) -> 0 | N35: =450*5 -> 2250 | O35: =N35-M35 -> 2250 | P35: =O35/N35*100% -> 1 | T35: Karlos De Leon | U35: 0.97377778
A36: Billing | B36: Iverson Libranda | C36: IL | D36: RD | E36: P | F36: P | G36: P | H36: P | I36: 10 | J36: RD | K36: =SUM(D36:J36) -> 10 | L36: =SUMIF(D36:J36,"450") -> 0 | M36: =SUM(K36:L36) -> 10 | N36: =450*5 -> 2250 | O36: =N36-M36 -> 2240 | P36: =O36/N36*100% -> 0.99555556 | T36: Kaxyleh Masilongan | U36: 0.97511111
A37: Billing | B37: Jason Cruz | C37: MA | D37: RD | E37: P | F37: P | G37: P | H37: P | I37: P | J37: RD | K37: =SUM(D37:I37) -> 0 | L37: =SUMIF(D37:J37,"450") -> 0 | M37: =SUM(K37:L37) -> 0 | N37: =450*5 -> 2250 | O37: =N37-M37 -> 2250 | P37: =O37/N37*100% -> 1 | T37: Kizzy Serrano | U37: 0.97288889
A38: Rejection | B38: Jean Tan | C38: NY NJ | D38: RD | E38: P | F38: P | G38: P | H38: P | I38: P | J38: RD | K38: =SUM(D38:J38) -> 0 | L38: =SUMIF(D38:J38,"450") -> 0 | M38: =SUM(K38:L38) -> 0 | N38: =450*5 -> 2250 | O38: =N38-M38 -> 2250 | P38: =O38/N38*100% -> 1 | T38: Margie Theres A Magluyan | U38: 1
A39: Rejection | B39: Jeannie Bajaro | C39: Multi | D39: P | E39: VL | F39: RD | G39: RD | H39: P | I39: P | J39: P | K39: =SUM(D39:J39) -> 0 | L39: =SUMIF(D39:J39,"450") -> 0 | M39: =SUM(K39:L39) -> 0 | N39: =450*5 -> 2250 | O39: =N39-M39 -> 2250 | P39: =O39/N39*100% -> 1 | Q39: 1 | T39: Mary Dela Cruz | U39: 1
A40: Rejection | B40: Jericho Crame | C40: NJ | D40: RD | E40: P | F40: LWOP | G40: P | H40: P | I40: P | J40: RD | K40: =SUM(D40:J40) -> 0 | L40: =SUMIF(D40:J40,"450") -> 0 | M40: =SUM(K40:L40) -> 0 | N40: =450*5 -> 2250 | O40: =N40-M40 -> 2250 | P40: =O40/N40*100% -> 1 | R40: 1 | T40: Mary Kilario | U40: 1
A41: Billing | B41: Jesslyn Gatbunton | C41: NJ | D41: RD | E41: 12 | F41: 240 | G41: P | H41: P | I41: P | J41: RD | K41: =SUM(E41:I41) -> 252 | L41: =SUMIF(D41:J41,"450") -> 0 | M41: =SUM(K41:L41) -> 252 | N41: =450*5 -> 2250 | O41: =N41-M41 -> 1998 | P41: =O41/N41*100% -> 0.888 | T41: Mikaella Santos | U41: 1
A42: Rebill | B42: Jewel Mondina | C42: Multi | D42: RD | E42: P | F42: P | G42: P | H42: P | I42: P | J42: RD | K42: =SUM(E42:I42) -> 0 | L42: =SUMIF(D42:J42,"450") -> 0 | M42: =SUM(K42:L42) -> 0 | N42: =450*5 -> 2250 | O42: =N42-M42 -> 2250 | P42: =O42/N42*100% -> 1 | T42: Rhona Sanejo | U42: 1
A43: Billing | B43: Jimwell Osiang | C43: MA | D43: RD | E43: P | F43: P | G43: P | H43: P | I43: 17 | J43: RD | K43: =SUM(D43:I43) -> 17 | L43: =SUMIF(D43:J43,"450") -> 0 | M43: =SUM(K43:L43) -> 17 | N43: =450*5 -> 2250 | O43: =N43-M43 -> 2233 | P43: =O43/N43*100% -> 0.99244444 | T43: Rubyneil Abejero | U43: 1
A44: Rejection | B44: Jizelle Delos Reyes | C44: NY | D44: RD | E44: P | F44: P | G44: P | H44: P | I44: P | J44: RD | K44: =SUM(D44:J44) -> 0 | L44: =SUMIF(D44:J44,"450") -> 0 | M44: =SUM(K44:L44) -> 0 | N44: =450*5 -> 2250 | O44: =N44-M44 -> 2250 | P44: =O44/N44*100% -> 1 | T44: Ruth Dela Cruz | U44: 1
A45: Rejection | B45: Joanna Cabrera | C45: NJ | D45: RD | E45: P | F45: 5 | G45: P | H45: P | I45: 5 | J45: RD | K45: =SUM(D45:J45) -> 10 | L45: =SUMIF(D45:J45,"450") -> 0 | M45: =SUM(K45:L45) -> 10 | N45: =450*5 -> 2250 | O45: =N45-M45 -> 2240 | P45: =O45/N45*100% -> 0.99555556 | T45: Sandarah Cruz | U45: 1
A46: Billing | B46: Johnella Lopez | C46: KY | D46: RD | E46: P | F46: P | G46: P | H46: 55 | I46: 450 | J46: RD | K46: =H46 -> 55 | L46: =SUMIF(D46:J46,"450") -> 450 | M46: =SUM(K46:L46) -> 505 | N46: =450*5 -> 2250 | O46: =N46-M46 -> 1745 | P46: =O46/N46*100% -> 0.77555556 | T46: Tricia Galsim | U46: 0.6
A47: Rejection | B47: Jonathan Marquez | C47: Multi | D47: RD | E47: P | F47: P | G47: P | H47: P | I47: VL | J47: RD | K47: =SUM(D47:J47) -> 0 | L47: =SUMIF(D47:J47,"450") -> 0 | M47: =SUM(K47:L47) -> 0 | N47: =450*5 -> 2250 | O47: =N47-M47 -> 2250 | P47: =O47/N47*100% -> 1 | Q47: 1 | T47: Vincent Paolo Villasenor | U47: 0.78755556
A48: Intake | B48: Josea Aseron | C48: Multi | D48: RD | E48: RD | F48: P | G48: P | H48: P | I48: P | J48: 450 | K48: 0 | L48: =SUMIF(D48:J48,"450") -> 450 | M48: =SUM(K48:L48) -> 450 | N48: =450*5 -> 2250 | O48: =N48-M48 -> 1800 | P48: =O48/N48*100% -> 0.8 | T48: Vladimir Patio | U48: 1
A49: Billing | B49: Joshua Joaquin | C49: IL | D49: RD | E49: P | F49: P | G49: P | H49: P | I49: P | J49: RD | K49: =SUM(D49:J49) -> 0 | L49: =SUMIF(D49:J49,"450") -> 0 | M49: =SUM(K49:L49) -> 0 | N49: =450*5 -> 2250 | O49: =N49-M49 -> 2250 | P49: =O49/N49*100% -> 1 | T49: Grand Total | U49: 0.95985185
A50: Billing | B50: Josue Baquiran | C50: NJ | D50: RD | E50: VL | F50: P | G50: P | H50: P | I50: P | J50: RD | K50: =SUM(E50:I50) -> 0 | L50: =SUMIF(D50:J50,"450") -> 0 | M50: =SUM(K50:L50) -> 0 | N50: =450*4 -> 1800 | O50: =N50-M50 -> 1800 | P50: =O50/N50*100% -> 1
A51: Billing | B51: Julieann Manasan | C51: MA | D51: RD | E51: P | F51: P | G51: P | H51: P | I51: P | J51: RD | K51: =SUM(D51:I51) -> 0 | L51: =SUMIF(D51:J51,"450") -> 0 | M51: =SUM(K51:L51) -> 0 | N51: =450*5 -> 2250 | O51: =N51-M51 -> 2250 | P51: =O51/N51*100% -> 1
A52: Rejection | B52: Jullyca Oblefias | C52: NY | D52: RD | E52: P | F52: P | G52: P | H52: P | I52: LWOP | J52: RD | K52: =SUM(D52:J52) -> 0 | L52: =SUMIF(D52:J52,"450") -> 0 | M52: =SUM(K52:L52) -> 0 | N52: =450*5 -> 2250 | O52: =N52-M52 -> 2250 | P52: =O52/N52*100% -> 1 | R52: 1
A53: Mpen | B53: Karl Solomon | C53: Multi | D53: RD | E53: 6 | F53: P | G53: P | H53: 2 | I53: 70 | J53: RD | K53: 0 | L53: =SUMIF(D53:J53,"450") -> 0 | M53: =SUM(K53:L53) -> 0 | N53: =450*5 -> 2250 | O53: =N53-M53 -> 2250 | P53: =O53/N53*100% -> 1
A54: Rejection | B54: Karlos De Leon | C54: NJ | D54: RD | E54: p | F54: 59 | G54: p | H54: p | I54: p | J54: RD | K54: =SUM(D54:J54) -> 59 | L54: =SUMIF(D54:J54,"450") -> 0 | M54: =SUM(K54:L54) -> 59 | N54: =450*5 -> 2250 | O54: =N54-M54 -> 2191 | P54: =O54/N54*100% -> 0.97377778
A55: Billing | B55: Kate Constantino | C55: KY | D55: RD | E55: p | F55: p | G55: p | H55: p | I55: p | J55: RD | K55: =SUM(D55:I55) -> 0 | L55: =SUMIF(D55:J55,"450") -> 0 | M55: =SUM(K55:L55) -> 0 | N55: =450*5 -> 2250 | O55: =N55-M55 -> 2250 | P55: =O55/N55*100% -> 1
A56: Intake | B56: Katrina Go | C56: Multi | D56: RD | E56: RD | F56: P | G56: P | H56: P | I56: P | J56: P | K56: =SUM(D56:J56) -> 0 | L56: =SUMIF(D56:J56,"450") -> 0 | M56: =SUM(K56:L56) -> 0 | N56: =450*5 -> 2250 | O56: =N56-M56 -> 2250 | P56: =O56/N56*100% -> 1
A57: Rejection | B57: Kaxyleh Masilongan | C57: NY | D57: RD | E57: P | F57: 51 | G57: P | H57: P | I57: 5 | J57: RD | K57: =SUM(D57:J57) -> 56 | L57: =SUMIF(D57:J57,"450") -> 0 | M57: =SUM(K57:L57) -> 56 | N57: =450*5 -> 2250 | O57: =N57-M57 -> 2194 | P57: =O57/N57*100% -> 0.97511111
A58: Intake | B58: Kiana Brown | C58: Multi | D58: RD | E58: RD | F58: P | G58: P | H58: P | I58: P | J58: P | K58: =SUM(D58:J58) -> 0 | L58: =SUMIF(D58:J58,"450") -> 0 | M58: =SUM(K58:L58) -> 0 | N58: =450*5 -> 2250 | O58: =N58-M58 -> 2250 | P58: =O58/N58*100% -> 1
A59: Rejection | B59: Kizzy Serrano | C59: IL | D59: RD | E59: P | F59: 45 | G59: 16 | H59: P | I59: P | J59: RD | K59: =SUM(D59:J59) -> 61 | L59: =SUMIF(D59:J59,"450") -> 0 | M59: =SUM(K59:L59) -> 61 | N59: =450*5 -> 2250 | O59: =N59-M59 -> 2189 | P59: =O59/N59*100% -> 0.97288889
A60: Billing | B60: Kyzen Hayagan | C60: MA | D60: RD | E60: P | F60: P | G60: P | H60: P | I60: P | J60: RD | K60: =SUM(D60:I60) -> 0 | L60: =SUMIF(D60:J60,"450") -> 0 | M60: =SUM(K60:L60) -> 0 | N60: =450*5 -> 2250 | O60: =N60-M60 -> 2250 | P60: =O60/N60*100% -> 1
A61: Billing | B61: Lea Alagadmo | C61: MA | D61: RD | E61: P | F61: P | G61: P | H61: P | I61: P | J61: RD | K61: =SUM(D61:I61) -> 0 | L61: =SUMIF(D61:J61,"450") -> 0 | M61: =SUM(K61:L61) -> 0 | N61: =450*5 -> 2250 | O61: =N61-M61 -> 2250 | P61: =O61/N61*100% -> 1
A62: Mpen | B62: Leo Olesco | C62: Multi | D62: RD | E62: P | F62: P | G62: P | H62: P | I62: 450 | J62: RD | K62: 0 | L62: =SUMIF(D62:J62,"450") -> 450 | M62: =SUM(K62:L62) -> 450 | N62: =450*5 -> 2250 | O62: =N62-M62 -> 1800 | P62: =O62/N62*100% -> 0.8
A63: Billing | B63: Lorraine Cabantac | C63: NJ | D63: RD | E63: P | F63: 450 | G63: P | H63: 450 | I63: P | J63: RD | K63: 0 | L63: =SUMIF(D63:J63,"450") -> 900 | M63: =SUM(K63:L63) -> 900 | N63: =450*5 -> 2250 | O63: =N63-M63 -> 1350 | P63: =O63/N63*100% -> 0.6
A64: Billing | B64: Louis Cantillion | C64: NJ | D64: RD | E64: P | F64: VL | G64: P | H64: P | I64: P | J64: RD | K64: =SUM(E64:I64) -> 0 | L64: =SUMIF(D64:J64,"450") -> 0 | M64: =SUM(K64:L64) -> 0 | N64: =450*4 -> 1800 | O64: =N64-M64 -> 1800 | P64: =O64/N64*100% -> 1
A65: Rejection | B65: Margie Theres A Magluyan | C65: Multi | D65: P | E65: P | F65: RD | G65: RD | H65: P | I65: P | J65: P | K65: =SUM(D65:J65) -> 0 | L65: =SUMIF(D65:J65,"450") -> 0 | M65: =SUM(K65:L65) -> 0 | N65: =450*5 -> 2250 | O65: =N65-M65 -> 2250 | P65: =O65/N65*100% -> 1
A66: Billing | B66: Marion Vien Santos | C66: KY | D66: RD | E66: 450 | F66: 450 | G66: 95 | H66: P | I66: P | J66: RD | K66: =G66 -> 95 | L66: =SUMIF(D66:J66,"450") -> 900 | M66: =SUM(K66:L66) -> 995 | N66: =450*5 -> 2250 | O66: =N66-M66 -> 1255 | P66: =O66/N66*100% -> 0.55777778
A67: Billing | B67: Mark Bienes | C67: NY | D67: RD | E67: 91 | F67: P | G67: P | H67: P | I67: P | J67: RD | K67: =SUM(D67:J67) -> 91 | L67: =SUMIF(D67:J67,"450") -> 0 | M67: =SUM(K67:L67) -> 91 | N67: =450*5 -> 2250 | O67: =N67-M67 -> 2159 | P67: =O67/N67*100% -> 0.95955556
A68: Billing | B68: Mark Frankie Pecolera | C68: IL | D68: RD | E68: P | F68: P | G68: P | H68: P | I68: P | J68: RD | K68: =SUM(D68:J68) -> 0 | L68: =SUMIF(D68:J68,"450") -> 0 | M68: =SUM(K68:L68) -> 0 | N68: =450*5 -> 2250 | O68: =N68-M68 -> 2250 | P68: =O68/N68*100% -> 1
A69: Mpen | B69: Mark Metra | C69: Multi | D69: RD | E69: 450 | F69: P | G69: P | H69: P | I69: P | J69: RD | K69: 0 | L69: =SUMIF(D69:J69,"450") -> 450 | M69: =SUM(K69:L69) -> 450 | N69: =450*5 -> 2250 | O69: =N69-M69 -> 1800 | P69: =O69/N69*100% -> 0.8
A70: Rejection | B70: Mary Dela Cruz | C70: IL | D70: RD | E70: P | F70: P | G70: P | H70: P | I70: P | J70: RD | K70: =SUM(D70:J70) -> 0 | L70: =SUMIF(D70:J70,"450") -> 0 | M70: =SUM(K70:L70) -> 0 | N70: =450*5 -> 2250 | O70: =N70-M70 -> 2250 | P70: =O70/N70*100% -> 1
A71: Rejection | B71: Mary Kilario | C71: KY/IL | D71: RD | E71: P | F71: P | G71: P | H71: P | I71: P | J71: RD | K71: =SUM(D71:J71) -> 0 | L71: =SUMIF(D71:J71,"450") -> 0 | M71: =SUM(K71:L71) -> 0 | N71: =450*5 -> 2250 | O71: =N71-M71 -> 2250 | P71: =O71/N71*100% -> 1
A72: ALF | B72: Mayann Somera | C72: Multi | D72: RD | E72: P | F72: P | G72: P | H72: P | I72: P | J72: RD | K72: =SUM(E72:I72) -> 0 | L72: =SUMIF(D72:J72,"450") -> 0 | M72: =SUM(K72:L72) -> 0 | N72: =450*5 -> 2250 | O72: =N72-M72 -> 2250 | P72: =O72/N72*100% -> 1
A73: Billing | B73: Mherica Santos | C73: KY | D73: RD | E73: 2 | F73: P | G73: P | H73: 5 | I73: P | J73: RD | K73: =SUM(D73:I73) -> 7 | L73: =SUMIF(D73:J73,"450") -> 0 | M73: =SUM(K73:L73) -> 7 | N73: =450*5 -> 2250 | O73: =N73-M73 -> 2243 | P73: =O73/N73*100% -> 0.99688889
A74: Rejection | B74: Mikaella Santos | C74: Multi | D74: P | E74: P | F74: RD | G74: RD | H74: P | I74: P | J74: P | K74: =SUM(D74:J74) -> 0 | L74: =SUMIF(D74:J74,"450") -> 0 | M74: =SUM(K74:L74) -> 0 | N74: =450*5 -> 2250 | O74: =N74-M74 -> 2250 | P74: =O74/N74*100% -> 1
A75: Intake | B75: Nerissa Ong | C75: Multi | D75: RD | E75: RD | F75: 240 | G75: P | H75: P | I75: P | J75: LWOP | K75: =SUM(D75:J75) -> 240 | L75: =SUMIF(D75:J75,"450") -> 0 | M75: =SUM(K75:L75) -> 240 | N75: =450*4 -> 1800 | O75: =N75-M75 -> 1560 | P75: =O75/N75*100% -> 0.86666667 | R75: 1
A76: Billing | B76: Noemi Landerito | C76: IL | D76: RD | E76: P | F76: P | G76: P | H76: P | I76: P | J76: RD | K76: =SUM(D76:J76) -> 0 | L76: =SUMIF(D76:J76,"450") -> 0 | M76: =SUM(K76:L76) -> 0 | N76: =450*5 -> 2250 | O76: =N76-M76 -> 2250 | P76: =O76/N76*100% -> 1
A77: Billing | B77: Patricia Busio | C77: NJ | D77: RD | E77: 10 | F77: 13 | G77: P | H77: P | I77: P | J77: RD | K77: =SUM(E77:I77) -> 23 | L77: =SUMIF(D77:J77,"450") -> 0 | M77: =SUM(K77:L77) -> 23 | N77: =450*5 -> 2250 | O77: =N77-M77 -> 2227 | P77: =O77/N77*100% -> 0.98977778
A78: Billing | B78: Rafunzel M Manuel | C78: MA | D78: RD | E78: 16 | F78: 17 | G78: P | H78: P | I78: P | J78: RD | K78: =SUM(D78:I78) -> 33 | L78: =SUMIF(D78:J78,"450") -> 0 | M78: =SUM(K78:L78) -> 33 | N78: =450*5 -> 2250 | O78: =N78-M78 -> 2217 | P78: =O78/N78*100% -> 0.98533333
A79: Billing | B79: Raphael Macasocol | C79: IL | D79: RD | E79: P | F79: P | G79: P | H79: P | I79: P | J79: RD | K79: =SUM(D79:J79) -> 0 | L79: =SUMIF(D79:J79,"450") -> 0 | M79: =SUM(K79:L79) -> 0 | N79: =450*5 -> 2250 | O79: =N79-M79 -> 2250 | P79: =O79/N79*100% -> 1
A80: Intake | B80: Remaden Bautista | C80: Multi | D80: RD | E80: P | F80: 12 | G80: P | H80: P | I80: P | J80: RD | K80: =SUM(D80:J80) -> 12 | L80: =SUMIF(D80:J80,"450") -> 0 | M80: =SUM(K80:L80) -> 12 | N80: =450*5 -> 2250 | O80: =N80-M80 -> 2238 | P80: =O80/N80*100% -> 0.99466667
A81: Rejection | B81: Rhona Sanejo | C81: KY | D81: P | E81: P | F81: P | G81: RD | H81: RD | I81: P | J81: P | K81: =SUM(D81:J81) -> 0 | L81: =SUMIF(D81:J81,"450") -> 0 | M81: =SUM(K81:L81) -> 0 | N81: =450*5 -> 2250 | O81: =N81-M81 -> 2250 | P81: =O81/N81*100% -> 1
A82: Billing | B82: Ricalyn Clarencio | C82: IL | D82: RD | E82: P | F82: 450 | G82: P | H82: P | I82: 11 | J82: RD | K82: =I82 -> 11 | L82: =SUMIF(D82:J82,"450") -> 450 | M82: =SUM(K82:L82) -> 461 | N82: =450*5 -> 2250 | O82: =N82-M82 -> 1789 | P82: =O82/N82*100% -> 0.79511111
A83: Billing | B83: Roxinne Madolid | C83: IL | D83: RD | E83: P | F83: P | G83: P | H83: P | I83: P | J83: RD | K83: 0 | L83: =SUMIF(D83:J83,"450") -> 0 | M83: =SUM(K83:L83) -> 0 | N83: =450*5 -> 2250 | O83: =N83-M83 -> 2250 | P83: =O83/N83*100% -> 1
A84: Rejection | B84: Rubyneil Abejero | C84: Multi | D84: RD | E84: P | F84: P | G84: P | H84: P | I84: P | J84: RD | K84: =SUM(D84:J84) -> 0 | L84: =SUMIF(D84:J84,"450") -> 0 | M84: =SUM(K84:L84) -> 0 | N84: =450*5 -> 2250 | O84: =N84-M84 -> 2250 | P84: =O84/N84*100% -> 1
A85: Rejection | B85: Ruth Dela Cruz | C85: KY/IL | D85: RD | E85: P | F85: P | G85: P | H85: P | I85: P | J85: RD | K85: =SUM(D85:J85) -> 0 | L85: =SUMIF(D85:J85,"450") -> 0 | M85: =SUM(K85:L85) -> 0 | N85: =450*5 -> 2250 | O85: =N85-M85 -> 2250 | P85: =O85/N85*100% -> 1
A86: Billing | B86: Ryan Rillo | C86: KY | D86: RD | E86: P | F86: P | G86: P | H86: 450 | I86: P | J86: RD | K86: 0 | L86: =SUMIF(D86:J86,"450") -> 450 | M86: =SUM(K86:L86) -> 450 | N86: =450*5 -> 2250 | O86: =N86-M86 -> 1800 | P86: =O86/N86*100% -> 0.8
A87: Rejection | B87: Sandarah Cruz | C87: IL | D87: RD | E87: P | F87: P | G87: P | H87: P | I87: P | J87: RD | K87: =SUM(D87:J87) -> 0 | L87: =SUMIF(D87:J87,"450") -> 0 | M87: =SUM(K87:L87) -> 0 | N87: =450*5 -> 2250 | O87: =N87-M87 -> 2250 | P87: =O87/N87*100% -> 1
A88: Billing | B88: Sean Edulan | C88: NJ | D88: RD | E88: 28 | F88: P | G88: 1 | H88: P | I88: 3 | J88: RD | K88: =SUM(E88:I88) -> 32 | L88: =SUMIF(D88:J88,"450") -> 0 | M88: =SUM(K88:L88) -> 32 | N88: =450*5 -> 2250 | O88: =N88-M88 -> 2218 | P88: =O88/N88*100% -> 0.98577778
A89: Billing | B89: Stephanie Del Rosario | C89: NJ | D89: RD | E89: 450 | F89: 450 | G89: P | H89: P | I89: P | J89: RD | K89: 0 | L89: =SUMIF(D89:J89,"450") -> 900 | M89: =SUM(K89:L89) -> 900 | N89: =450*5 -> 2250 | O89: =N89-M89 -> 1350 | P89: =O89/N89*100% -> 0.6
A90: Billing | B90: Syra Jade Yaranon | C90: NY | D90: RD | E90: 4 | F90: P | G90: P | H90: P | I90: 14 | J90: RD | K90: =SUM(D90:J90) -> 18 | L90: =SUMIF(D90:J90,"450") -> 0 | M90: =SUM(K90:L90) -> 18 | N90: =450*5 -> 2250 | O90: =N90-M90 -> 2232 | P90: =O90/N90*100% -> 0.992
A91: Rejection | B91: Tricia Galsim | C91: NJ | D91: RD | E91: 450 | F91: P | G91: P | H91: P | I91: 450 | J91: RD | K91: 0 | L91: =SUMIF(D91:J91,"450") -> 900 | M91: =SUM(K91:L91) -> 900 | N91: =450*5 -> 2250 | O91: =N91-M91 -> 1350 | P91: =O91/N91*100% -> 0.6
A92: Rejection | B92: Vincent Paolo Villasenor | C92: Multi | D92: RD | E92: P | F92: 450 | G92: 28 | H92: P | I92: P | J92: RD | K92: =G92 -> 28 | L92: =SUMIF(D92:J92,"450") -> 450 | M92: =SUM(K92:L92) -> 478 | N92: =450*5 -> 2250 | O92: =N92-M92 -> 1772 | P92: =O92/N92*100% -> 0.78755556
A93: Rejection | B93: Vladimir Patio | C93: Multi | D93: RD | E93: P | F93: P | G93: P | H93: P | I93: P | J93: RD | K93: =SUM(D93:J93) -> 0 | L93: =SUMIF(D93:J93,"450") -> 0 | M93: =SUM(K93:L93) -> 0 | N93: =450*5 -> 2250 | O93: =N93-M93 -> 2250 | P93: =O93/N93*100% -> 1
A94: Billing | B94: Xenrel Mae O Dacubar | C94: NY | D94: RD | E94: 7 | F94: P | G94: 68 | H94: P | I94: P | J94: RD | K94: =SUM(D94:J94) -> 75 | L94: =SUMIF(D94:J94,"450") -> 0 | M94: =SUM(K94:L94) -> 75 | N94: =450*5 -> 2250 | O94: =N94-M94 -> 2175 | P94: =O94/N94*100% -> 0.96666667
K95: =SUM(K2:K94) -> 2660 | L95: =SUM(L2:L94) -> 9000 | M95: =SUM(M2:M94) -> 11660 | N95: =SUM(N2:N94) -> 206100 | O95: =SUM(O2:O94) -> 194440 | P95: =AVERAGE(P2:P94) -> 0.94383871
K97: =K95/N95*100% -> 0.012906356 | L97: =L95/N95*100% -> 0.043668122 | M97: =M95/N95*100% -> 0.056574478

Sheet JWeek3
A1: Department | B1: Full Name | C1: State | D1: SUNDAY | E1: MONDAY | F1: TUESDAY | G1: WEDNESDAY | H1: THURSDAY | I1: FRIDAY | J1: SATURDAY | K1: Tardiness | L1: Absences | M1: Lost Hours | N1: Target | O1: Completed | P1: Attendance | Q1: VL | R1: LWOP | S1: SL | T1: Row Labels | U1: Sum of Tardiness | V1: Sum of Absences | W1: Sum of Lost Hours | X1: Sum of Target | Y1: Sum of Completed | Z1: Average of Attendance | AB1: Row Labels | AC1: Sum of Tardiness | AD1: % | AE1: Sum of Absences | AF1: % | AG1: Sum of Lost Hours | AH1: % | AI1: Sum of Target | AJ1: Sum of Completed | AK1: Average of Attendance
A2: Billing | B2: Alexandra Ortiz | C2: KY | D2: RD | E2: 42 | F2: LWOP | G2: LWOP | H2: P | I2: P | J2: RD | K2: =E2 -> 42 | L2: =SUMIF(D2:J2,"450") -> 0 | M2: =SUM(K2:L2) -> 42 | N2: =450*3 -> 1350 | O2: =N2-M2 -> 1308 | P2: =O2/N2*100% -> 0.96888889 | R2: 2 | T2: ALF | U2: 9 | V2: 0 | W2: 9 | X2: 2250 | Y2: 2241 | Z2: 0.996 | AB2: ALF | AC2: 9 | AD2: =AC2/AI2 -> 0.004 | AE2: 0 | AF2: =AE2/AI2 -> 0 | AG2: 9 | AH2: =AG2/AI2 -> 0.004 | AI2: 2250 | AJ2: 2241 | AK2: 0.996
A3: Rejection | B3: Alyssa DeGuzman | C3: KY | D3: VL | E3: P | F3: RD | G3: RD | H3: P | I3: P | J3: P | K3: =I3 -> P | L3: =SUMIF(D3:J3,"450") -> 0 | M3: =SUM(K3:L3) -> 0 | N3: =450*4 -> 1800 | O3: =N3-M3 -> 1800 | P3: =O3/N3*100% -> 1 | Q3: 1 | T3: Billing | U3: 506 | V3: 4050 | W3: 4556 | X3: 87300 | Y3: 82744 | Z3: 0.94904722 | AB3: Billing | AC3: 506 | AD3: =AC3/AI3 -> 0.0057961054 | AE3: 4050 | AF3: =AE3/AI3 -> 0.046391753 | AG3: 4556 | AH3: =AG3/AI3 -> 0.052187858 | AI3: 87300 | AJ3: 82744 | AK3: 0.94904722
A4: Rejection | B4: Analyn Caniedo | C4: IL | D4: P | E4: 4 | F4: RD | G4: RD | H4: LWOP | I4: P | J4: P | K4: =SUM(D4:J4) -> 4 | L4: =SUMIF(D4:J4,"450") -> 0 | M4: =SUM(K4:L4) -> 4 | N4: =450*4 -> 1800 | O4: =N4-M4 -> 1796 | P4: =O4/N4*100% -> 0.99777778 | R4: 1 | T4: Intake | U4: 126 | V4: 0 | W4: 126 | X4: 22050 | Y4: 21924 | Z4: 0.99401111 | AB4: Intake | AC4: 126 | AD4: =AC4/AI4 -> 0.0057142857 | AE4: 0 | AF4: =AE4/AI4 -> 0 | AG4: 126 | AH4: =AG4/AI4 -> 0.0057142857 | AI4: 22050 | AJ4: 21924 | AK4: 0.99401111
A5: Billing | B5: Analyn Diaz | C5: NJ | D5: RD | E5: 7 | F5: P | G5: P | H5: 4 | I5: 450 | J5: RD | K5: =E5+H5 -> 11 | L5: =SUMIF(D5:J5,"450") -> 450 | M5: =SUM(K5:L5) -> 461 | N5: =450*5 -> 2250 | O5: =N5-M5 -> 1789 | P5: =O5/N5*100% -> 0.79511111 | T5: Mpen | U5: 10 | V5: 450 | W5: 460 | X5: 8550 | Y5: 8090 | Z5: 0.94888889 | AB5: Mpen | AC5: 10 | AD5: =AC5/AI5 -> 0.0011695906 | AE5: 450 | AF5: =AE5/AI5 -> 0.052631579 | AG5: 460 | AH5: =AG5/AI5 -> 0.05380117 | AI5: 8550 | AJ5: 8090 | AK5: 0.94888889
A6: Rejection | B6: Andrea Fonacier | C6: KY/IL | D6: RD | E6: P | F6: P | G6: P | H6: P | I6: P | J6: RD | K6: =SUM(D6:J6) -> 0 | L6: =SUMIF(D6:J6,"450") -> 0 | M6: =SUM(K6:L6) -> 0 | N6: =450*5 -> 2250 | O6: =N6-M6 -> 2250 | P6: =O6/N6*100% -> 1 | T6: Rebill | U6: 50 | V6: 0 | W6: 50 | X6: 4500 | Y6: 4450 | Z6: 0.98888889 | AB6: Rebill | AC6: 50 | AD6: =AC6/AI6 -> 0.011111111 | AE6: 0 | AF6: =AE6/AI6 -> 0 | AG6: 50 | AH6: =AG6/AI6 -> 0.011111111 | AI6: 4500 | AJ6: 4450 | AK6: 0.98888889
A7: Intake | B7: Angelica Bautista | C7: Multi | D7: LWOP | E7: P | F7: 8 | G7: 1 | H7: P | I7: RD | J7: RD | K7: =SUM(D7:J7) -> 9 | L7: =SUMIF(D7:J7,"450") -> 0 | M7: =SUM(K7:L7) -> 9 | N7: =450*5 -> 2250 | O7: =N7-M7 -> 2241 | P7: =O7/N7*100% -> 0.996 | T7: Rejection | U7: 406 | V7: 3600 | W7: 4006 | X7: 77400 | Y7: 73394 | Z7: 0.95034568 | AB7: Rejection | AC7: 406 | AD7: =AC7/AI7 -> 0.005245478 | AE7: 3600 | AF7: =AE7/AI7 -> 0.046511628 | AG7: 4006 | AH7: =AG7/AI7 -> 0.051757106 | AI7: 77400 | AJ7: 73394 | AK7: 0.95034568
A8: Billing | B8: Angelo Agron | C8: NJ | D8: RD | E8: P | F8: P | G8: LWOP | H8: P | I8: 7 | J8: RD | K8: =SUM(E8:I8) -> 7 | L8: =SUMIF(D8:J8,"450") -> 0 | M8: =SUM(K8:L8) -> 7 | N8: =450*4 -> 1800 | O8: =N8-M8 -> 1793 | P8: =O8/N8*100% -> 0.99611111 | T8: Grand Total | U8: 1107 | V8: 8100 | W8: 9207 | X8: 202050 | Y8: 192843 | Z8: 0.95573955 | AB8: Grand Total | AC8: 1107 | AD8: =AC8/AI8 -> 0.0054788419 | AE8: 8100 | AF8: =AE8/AI8 -> 0.040089087 | AG8: 9207 | AH8: =AG8/AI8 -> 0.045567929 | AI8: 202050 | AJ8: 192843 | AK8: 0.95573955
A9: Billing | B9: Anthea Ann Lumen | C9: KY | D9: RD | E9: P | F9: P | G9: P | H9: P | I9: P | J9: RD | K9: =SUM(D9:I9) -> 0 | L9: =SUMIF(D9:J9,"450") -> 0 | M9: =SUM(K9:L9) -> 0 | N9: =450*5 -> 2250 | O9: =N9-M9 -> 2250 | P9: =O9/N9*100% -> 1
A10: Billing | B10: Anthony Valdez | C10: KY | D10: RD | E10: P | F10: P | G10: 1 | H10: P | I10: P | J10: RD | K10: =SUM(D10:I10) -> 1 | L10: =SUMIF(D10:J10,"450") -> 0 | M10: =SUM(K10:L10) -> 1 | N10: =450*5 -> 2250 | O10: =N10-M10 -> 2249 | P10: =O10/N10*100% -> 0.99955556
A11: Intake | B11: Ar Jean Tudtud | C11: Multi | D11: P | E11: P | F11: P | G11: 19 | H11: P | I11: P | J11: 1 | K11: =SUM(D11:I11) -> 19 | L11: =SUMIF(D11:J11,"450") -> 0 | M11: =SUM(K11:L11) -> 19 | N11: =450*5 -> 2250 | O11: =N11-M11 -> 2231 | P11: =O11/N11*100% -> 0.99155556 | T11: Row Labels | U11: Sum of Tardiness | V11: Sum of Absences | W11: Sum of Lost Hours | X11: Sum of Target | Y11: Sum of Completed | Z11: Average of Attendance
A12: Rejection | B12: Arah Blancia | C12: IL | D12: P | E12: P | F12: P | G12: RD | H12: RD | I12: P | J12: P | K12: =SUM(D12:J12) -> 0 | L12: =SUMIF(D12:J12,"450") -> 0 | M12: =SUM(K12:L12) -> 0 | N12: =450*5 -> 2250 | O12: =N12-M12 -> 2250 | P12: =O12/N12*100% -> 1 | T12: Intake | U12: 126 | V12: 0 | W12: 126 | X12: 22050 | Y12: 21924 | Z12: 0.99401111
A13: Rejection | B13: Avril Rie Son | C13: NJ | D13: RD | E13: P | F13: LWOP | G13: 6 | H13: 9 | I13: P | J13: RD | L13: =SUMIF(D13:J13,"450") -> 0 | M13: =SUM(K13:L13) -> 0 | N13: =450*4 -> 1800 | O13: =N13-M13 -> 1800 | P13: =O13/N13*100% -> 1 | R13: 1 | T13: Angelica Bautista | U13: 9 | V13: 0 | W13: 9 | X13: 2250 | Y13: 2241 | Z13: 0.996
A14: Rejection | B14: Bea Mercado | C14: NJ | D14: RD | E14: LWOP | F14: P | G14: P | H14: P | I14: P | J14: RD | K14: =SUM(D14:J14) -> 0 | L14: =SUMIF(D14:J14,"450") -> 0 | M14: =SUM(K14:L14) -> 0 | N14: =450*4 -> 1800 | O14: =N14-M14 -> 1800 | P14: =O14/N14*100% -> 1 | R14: 1 | T14: Ar Jean Tudtud | U14: 19 | V14: 0 | W14: 19 | X14: 2250 | Y14: 2231 | Z14: 0.99155556
A15: Rejection | B15: Charlene Valdez | C15: MA/NY/NJ (KY/IL) | D15: RD | E15: P | F15: P | G15: P | H15: P | I15: P | J15: RD | K15: =SUM(D15:J15) -> 0 | L15: =SUMIF(D15:J15,"450") -> 0 | M15: =SUM(K15:L15) -> 0 | N15: =450*5 -> 2250 | O15: =N15-M15 -> 2250 | P15: =O15/N15*100% -> 1 | T15: Collen Silapan | U15: 28 | V15: 0 | W15: 28 | X15: 2250 | Y15: 2222 | Z15: 0.98755556
A16: Rejection | B16: Charyselle Cadelina | C16: KY | D16: RD | E16: 4 | F16: 7 | G16: P | H16: P | I16: P | J16: RD | K16: =SUM(D16:J16) -> 11 | L16: =SUMIF(D16:J16,"450") -> 0 | M16: =SUM(K16:L16) -> 11 | N16: =450*5 -> 2250 | O16: =N16-M16 -> 2239 | P16: =O16/N16*100% -> 0.99511111 | T16: Hazelyn Rodrigo | U16: 32 | V16: 0 | W16: 32 | X16: 2250 | Y16: 2218 | Z16: 0.98577778
A17: Intake | B17: Collen Silapan | C17: Multi | D17: P | E17: 8 | F17: P | G17: 20 | H17: P | I17: RD | J17: RD | K17: =SUM(D17:J17) -> 28 | L17: =SUMIF(D17:J17,"450") -> 0 | M17: =SUM(K17:L17) -> 28 | N17: =450*5 -> 2250 | O17: =N17-M17 -> 2222 | P17: =O17/N17*100% -> 0.98755556 | T17: Isabela Arellano | U17: 3 | V17: 0 | W17: 3 | X17: 2250 | Y17: 2247 | Z17: 0.99866667
A18: Rejection | B18: Danielle Generao | C18: KY | D18: RD | E18: LWOP | F18: 15 | G18: P | H18: P | I18: 26 | J18: RD | K18: =SUM(D18:J18) -> 41 | L18: =SUMIF(D18:J18,"450") -> 0 | M18: =SUM(K18:L18) -> 41 | N18: =450*4 -> 1800 | O18: =N18-M18 -> 1759 | P18: =O18/N18*100% -> 0.97722222 | R18: 1 | T18: Josea Aseron | U18: 0 | V18: 0 | W18: 0 | X18: 2250 | Y18: 2250 | Z18: 1
A19: Rejection | B19: Edmark Bania | C19: Multi | D19: 450 | E19: P | F19: P | G19: RD | H19: RD | I19: P | J19: P | K19: =E19 -> P | L19: =SUMIF(D19:J19,"450") -> 450 | M19: =SUM(K19:L19) -> 450 | N19: =450*5 -> 2250 | O19: =N19-M19 -> 1800 | P19: =O19/N19*100% -> 0.8 | T19: Katrina Go | U19: 0 | V19: 0 | W19: 0 | X19: 2250 | Y19: 2250 | Z19: 1
A20: Billing | B20: Eldrick Loreno | C20: NY | D20: RD | E20: LWOP | F20: P | G20: P | H20: P | I20: P | J20: RD | L20: =SUMIF(D20:J20,"450") -> 0 | M20: =SUM(K20:L20) -> 0 | N20: =450*5 -> 2250 | O20: =N20-M20 -> 2250 | P20: =O20/N20*100% -> 1 | T20: Kiana Brown | U20: 0 | V20: 0 | W20: 0 | X20: 2250 | Y20: 2250 | Z20: 1
A21: Rebill | B21: Erika Ramos | C21: Multi | D21: RD | E21: P | F21: P | G21: P | H21: P | I21: P | J21: RD | K21: =SUM(E21:I21) -> 0 | L21: =SUMIF(D21:J21,"450") -> 0 | M21: =SUM(K21:L21) -> 0 | N21: =450*5 -> 2250 | O21: =N21-M21 -> 2250 | P21: =O21/N21*100% -> 1 | T21: Nerissa Ong | U21: 35 | V21: 0 | W21: 35 | X21: 1800 | Y21: 1765 | Z21: 0.98055556
A22: Billing | B22: Ethel Gregorio | C22: MA | D22: RD | E22: 39 | F22: 1 | G22: LWOP | H22: 147 | I22: P | J22: RD | K22: =SUM(D22:I22) -> 187 | L22: =SUMIF(D22:J22,"450") -> 0 | M22: =SUM(K22:L22) -> 187 | N22: =450*5 -> 2250 | O22: =N22-M22 -> 2063 | P22: =O22/N22*100% -> 0.91688889 | T22: Remaden Bautista | U22: 0 | V22: 0 | W22: 0 | X22: 2250 | Y22: 2250 | Z22: 1
A23: Billing | B23: Eunice Bargo | C23: MA | D23: RD | E23: P | F23: P | G23: 12 | H23: P | I23: 1 | J23: RD | K23: =SUM(D23:I23) -> 13 | L23: =SUMIF(D23:J23,"450") -> 0 | M23: =SUM(K23:L23) -> 13 | N23: =450*5 -> 2250 | O23: =N23-M23 -> 2237 | P23: =O23/N23*100% -> 0.99422222 | T23: Grand Total | U23: 126 | V23: 0 | W23: 126 | X23: 22050 | Y23: 21924 | Z23: 0.99401111
A24: Rejection | B24: Eunice Padadnan | C24: NY | D24: RD | E24: P | F24: P | G24: P | H24: P | I24: P | J24: RD | K24: =SUM(D24:J24) -> 0 | L24: =SUMIF(D24:J24,"450") -> 0 | M24: =SUM(K24:L24) -> 0 | N24: =450*5 -> 2250 | O24: =N24-M24 -> 2250 | P24: =O24/N24*100% -> 1
A25: Billing | B25: Femie DC Domenden | C25: IL | D25: RD | E25: P | F25: P | G25: P | H25: P | I25: P | J25: RD | K25: =SUM(D25:J25) -> 0 | L25: =SUMIF(D25:J25,"450") -> 0 | M25: =SUM(K25:L25) -> 0 | N25: =450*5 -> 2250 | O25: =N25-M25 -> 2250 | P25: =O25/N25*100% -> 1
A26: Rejection | B26: Francis Alba | C26: Multi | D26: RD | E26: P | F26: P | G26: P | H26: P | I26: P | J26: RD | K26: =SUM(D26:J26) -> 0 | L26: =SUMIF(D26:J26,"450") -> 0 | M26: =SUM(K26:L26) -> 0 | N26: =450*5 -> 2250 | O26: =N26-M26 -> 2250 | P26: =O26/N26*100% -> 1
A27: Billing | B27: Francis Narboneta | C27: IL | D27: RD | E27: 34 | F27: 450 | G27: P | H27: P | I27: 450 | J27: RD | K27: =E27 -> 34 | L27: =SUMIF(D27:J27,"450") -> 900 | M27: =SUM(K27:L27) -> 934 | N27: =450*5 -> 2250 | O27: =N27-M27 -> 1316 | P27: =O27/N27*100% -> 0.58488889
A28: Billing | B28: Gladys Astilla | C28: MA | D28: RD | E28: P | F28: P | G28: P | H28: P | I28: P | J28: RD | K28: =SUM(D28:I28) -> 0 | L28: =SUMIF(D28:J28,"450") -> 0 | M28: =SUM(K28:L28) -> 0 | N28: =450*4 -> 1800 | O28: =N28-M28 -> 1800 | P28: =O28/N28*100% -> 1 | Q28: 1
A29: Rejection | B29: Glessie DeJesus | C29: KY | D29: RD | E29: 31 | F29: P | G29: P | H29: P | I29: P | J29: RD | K29: =SUM(D29:J29) -> 31 | L29: =SUMIF(D29:J29,"450") -> 0 | M29: =SUM(K29:L29) -> 31 | N29: =450*5 -> 2250 | O29: =N29-M29 -> 2219 | P29: =O29/N29*100% -> 0.98622222
A30: Billing | B30: Glory Nabayra | C30: IL | D30: RD | E30: P | F30: 4 | G30: P | H30: P | I30: 7 | J30: RD | K30: =SUM(D30:J30) -> 11 | L30: =SUMIF(D30:J30,"450") -> 0 | M30: =SUM(K30:L30) -> 11 | N30: =450*5 -> 2250 | O30: =N30-M30 -> 2239 | P30: =O30/N30*100% -> 0.99511111
A31: Rejection | B31: Hanna Arceo | C31: KY | D31: RD | E31: P | F31: 450 | G31: 67 | H31: P | I31: 12 | J31: RD | K31: =G31+I31 -> 79 | L31: =SUMIF(D31:J31,"450") -> 450 | M31: =SUM(K31:L31) -> 529 | N31: =450*5 -> 2250 | O31: =N31-M31 -> 1721 | P31: =O31/N31*100% -> 0.76488889
A32: Mpen | B32: Hans Ruan | C32: Multi | D32: RD | E32: P | F32: P | G32: P | H32: P | I32: P | J32: RD | K32: =SUM(E32:I32) -> 0 | L32: =SUMIF(D32:J32,"450") -> 0 | M32: =SUM(K32:L32) -> 0 | N32: =450*4 -> 1800 | O32: =N32-M32 -> 1800 | P32: =O32/N32*100% -> 1
A33: Intake | B33: Hazelyn Rodrigo | C33: Multi | D33: 32 | E33: P | F33: RD | G33: RD | H33: P | I33: P | J33: P | K33: =SUM(D33:J33) -> 32 | L33: =SUMIF(D33:J33,"450") -> 0 | M33: =SUM(K33:L33) -> 32 | N33: =450*5 -> 2250 | O33: =N33-M33 -> 2218 | P33: =O33/N33*100% -> 0.98577778
A34: Rejection | B34: Iris Dahnielle Andalleon | C34: Multi | D34: P | E34: P | F34: P | G34: RD | H34: RD | I34: P | J34: P | K34: =SUM(D34:J34) -> 0 | L34: =SUMIF(D34:J34,"450") -> 0 | M34: =SUM(K34:L34) -> 0 | N34: =450*5 -> 2250 | O34: =N34-M34 -> 2250 | P34: =O34/N34*100% -> 1
A35: Intake | B35: Isabela Arellano | C35: Multi | D35: 3 | E35: P | F35: P | G35: LWOP | H35: P | I35: RD | J35: RD | K35: =SUM(D35:J35) -> 3 | L35: =SUMIF(D35:J35,"450") -> 0 | M35: =SUM(K35:L35) -> 3 | N35: =450*5 -> 2250 | O35: =N35-M35 -> 2247 | P35: =O35/N35*100% -> 0.99866667
A36: Billing | B36: Iverson Libranda | C36: IL | D36: RD | E36: P | F36: P | G36: 450 | H36: P | I36: P | J36: RD | K36: 0 | L36: =SUMIF(D36:J36,"450") -> 450 | M36: =SUM(K36:L36) -> 450 | N36: =450*5 -> 2250 | O36: =N36-M36 -> 1800 | P36: =O36/N36*100% -> 0.8
A37: Billing | B37: Jason Cruz | C37: MA | D37: RD | E37: P | F37: P | G37: P | H37: P | I37: P | J37: RD | K37: =SUM(D37:I37) -> 0 | L37: =SUMIF(D37:J37,"450") -> 0 | M37: =SUM(K37:L37) -> 0 | N37: =450*5 -> 2250 | O37: =N37-M37 -> 2250 | P37: =O37/N37*100% -> 1
A38: Rejection | B38: Jean Tan | C38: NY NJ | D38: RD | E38: P | F38: P | G38: P | H38: P | I38: P | J38: RD | K38: =SUM(D38:J38) -> 0 | L38: =SUMIF(D38:J38,"450") -> 0 | M38: =SUM(K38:L38) -> 0 | N38: =450*5 -> 2250 | O38: =N38-M38 -> 2250 | P38: =O38/N38*100% -> 1
A39: Rejection | B39: Jeannie Bajaro | C39: Multi | D39: P | E39: P | F39: RD | G39: RD | H39: P | I39: P | J39: P | K39: =SUM(D39:J39) -> 0 | L39: =SUMIF(D39:J39,"450") -> 0 | M39: =SUM(K39:L39) -> 0 | N39: =450*5 -> 2250 | O39: =N39-M39 -> 2250 | P39: =O39/N39*100% -> 1
A40: Rejection | B40: Jericho Crame | C40: NJ | D40: RD | E40: P | F40: P | G40: P | H40: P | I40: P | J40: RD | K40: =SUM(D40:J40) -> 0 | L40: =SUMIF(D40:J40,"450") -> 0 | M40: =SUM(K40:L40) -> 0 | N40: =450*5 -> 2250 | O40: =N40-M40 -> 2250 | P40: =O40/N40*100% -> 1
A41: Billing | B41: Jesslyn Gatbunton | C41: NJ | D41: RD | E41: P | F41: P | G41: P | H41: P | I41: P | J41: RD | K41: =SUM(E41:I41) -> 0 | L41: =SUMIF(D41:J41,"450") -> 0 | M41: =SUM(K41:L41) -> 0 | N41: =450*5 -> 2250 | O41: =N41-M41 -> 2250 | P41: =O41/N41*100% -> 1
A42: Rebill | B42: Jewel Mondina | C42: Multi | D42: RD | E42: P | F42: P | G42: 50 | H42: P | I42: P | J42: RD | K42: =SUM(E42:I42) -> 50 | L42: =SUMIF(D42:J42,"450") -> 0 | M42: =SUM(K42:L42) -> 50 | N42: =450*5 -> 2250 | O42: =N42-M42 -> 2200 | P42: =O42/N42*100% -> 0.97777778
A43: Billing | B43: Jimwell Osiang | C43: MA | D43: RD | E43: P | F43: P | G43: P | H43: P | I43: P | J43: RD | K43: =SUM(D43:I43) -> 0 | L43: =SUMIF(D43:J43,"450") -> 0 | M43: =SUM(K43:L43) -> 0 | N43: =450*5 -> 2250 | O43: =N43-M43 -> 2250 | P43: =O43/N43*100% -> 1
A44: Rejection | B44: Jizelle Delos Reyes | C44: NY | D44: RD | E44: P | F44: P | G44: P | H44: LWOP | I44: P | J44: RD | K44: =SUM(D44:J44) -> 0 | L44: =SUMIF(D44:J44,"450") -> 0 | M44: =SUM(K44:L44) -> 0 | N44: =450*4 -> 1800 | O44: =N44-M44 -> 1800 | P44: =O44/N44*100% -> 1 | R44: 1
A45: Rejection | B45: Joanna Cabrera | C45: NJ | D45: RD | E45: P | F45: 54 | G45: 10 | H45: P | I45: P | J45: RD | K45: =SUM(D45:J45) -> 64 | L45: =SUMIF(D45:J45,"450") -> 0 | M45: =SUM(K45:L45) -> 64 | N45: =450*5 -> 2250 | O45: =N45-M45 -> 2186 | P45: =O45/N45*100% -> 0.97155556
A46: Billing | B46: Johnella Lopez | C46: KY | D46: RD | E46: P | F46: P | G46: 11 | H46: 96 | I46: P | J46: RD | K46: =H46 -> 96 | L46: =SUMIF(D46:J46,"450") -> 0 | M46: =SUM(K46:L46) -> 96 | N46: =450*5 -> 2250 | O46: =N46-M46 -> 2154 | P46: =O46/N46*100% -> 0.95733333
A47: Rejection | B47: Jonathan Marquez | C47: Multi | D47: RD | E47: P | F47: P | G47: P | H47: P | I47: P | J47: RD | K47: =SUM(D47:J47) -> 0 | L47: =SUMIF(D47:J47,"450") -> 0 | M47: =SUM(K47:L47) -> 0 | N47: =450*5 -> 2250 | O47: =N47-M47 -> 2250 | P47: =O47/N47*100% -> 1
A48: Intake | B48: Josea Aseron | C48: Multi | D48: RD | E48: RD | F48: P | G48: 12 | H48: P | I48: P | J48: P | K48: 0 | L48: =SUMIF(D48:J48,"450") -> 0 | M48: =SUM(K48:L48) -> 0 | N48: =450*5 -> 2250 | O48: =N48-M48 -> 2250 | P48: =O48/N48*100% -> 1
A49: Billing | B49: Joshua Joaquin | C49: IL | D49: RD | E49: P | F49: 450 | G49: P | H49: P | I49: P | J49: RD | K49: 0 | L49: =SUMIF(D49:J49,"450") -> 450 | M49: =SUM(K49:L49) -> 450 | N49: =450*5 -> 2250 | O49: =N49-M49 -> 1800 | P49: =O49/N49*100% -> 0.8 | S49: 1
A50: Billing | B50: Jouse Baquiran | C50: NJ | D50: RD | E50: P | F50: P | G50: P | H50: P | I50: P | J50: RD | K50: =SUM(E50:I50) -> 0 | L50: =SUMIF(D50:J50,"450") -> 0 | M50: =SUM(K50:L50) -> 0 | N50: =450*4 -> 1800 | O50: =N50-M50 -> 1800 | P50: =O50/N50*100% -> 1
A51: Billing | B51: Julieann Manasan | C51: MA | D51: RD | E51: P | F51: P | G51: P | H51: P | I51: P | J51: RD | K51: =SUM(D51:I51) -> 0 | L51: =SUMIF(D51:J51,"450") -> 0 | M51: =SUM(K51:L51) -> 0 | N51: =450*5 -> 2250 | O51: =N51-M51 -> 2250 | P51: =O51/N51*100% -> 1
A52: Rejection | B52: Jullyca Oblefias | C52: NY | D52: RD | E52: P | F52: P | G52: P | H52: P | I52: P | J52: RD | K52: =SUM(D52:J52) -> 0 | L52: =SUMIF(D52:J52,"450") -> 0 | M52: =SUM(K52:L52) -> 0 | N52: =450*5 -> 2250 | O52: =N52-M52 -> 2250 | P52: =O52/N52*100% -> 1
A53: Mpen | B53: Karl Solomon | C53: Multi | D53: RD | E53: 450 | F53: P | G53: 1 | H53: 4 | I53: P | J53: RD | K53: =G53+H53 -> 5 | L53: =SUMIF(D53:J53,"450") -> 450 | M53: =SUM(K53:L53) -> 455 | N53: =450*5 -> 2250 | O53: =N53-M53 -> 1795 | P53: =O53/N53*100% -> 0.79777778 | S53: 1
A54: Rejection | B54: Karlos De Leon | C54: NJ | D54: RD | E54: 450 | F54: 450 | G54: 450 | H54: 450 | I54: 450 | J54: RD | K54: 0 | L54: =SUMIF(D54:J54,"450") -> 2250 | M54: =SUM(K54:L54) -> 2250 | N54: =450*5 -> 2250 | O54: =N54-M54 -> 0 | P54: =O54/N54*100% -> 0
A55: Billing | B55: Kate Constantino | C55: KY | D55: RD | E55: P | F55: P | G55: P | H55: P | I55: P | J55: RD | K55: =SUM(D55:I55) -> 0 | L55: =SUMIF(D55:J55,"450") -> 0 | M55: =SUM(K55:L55) -> 0 | N55: =450*5 -> 2250 | O55: =N55-M55 -> 2250 | P55: =O55/N55*100% -> 1
A56: Intake | B56: Katrina Go | C56: Multi | D56: RD | E56: RD | F56: P | G56: P | H56: P | I56: P | J56: P | K56: =SUM(D56:J56) -> 0 | L56: =SUMIF(D56:J56,"450") -> 0 | M56: =SUM(K56:L56) -> 0 | N56: =450*5 -> 2250 | O56: =N56-M56 -> 2250 | P56: =O56/N56*100% -> 1
A57: Rejection | B57: Kaxyleh Masilongan | C57: NY | D57: RD | E57: P | F57: 6 | G57: 5 | H57: P | I57: P | J57: RD | K57: =SUM(D57:J57) -> 11 | L57: =SUMIF(D57:J57,"450") -> 0 | M57: =SUM(K57:L57) -> 11 | N57: =450*5 -> 2250 | O57: =N57-M57 -> 2239 | P57: =O57/N57*100% -> 0.99511111
A58: Intake | B58: Kiana Brown | C58: Multi | D58: RD | E58: RD | F58: P | G58: P | H58: P | I58: P | J58: P | K58: =SUM(D58:J58) -> 0 | L58: =SUMIF(D58:J58,"450") -> 0 | M58: =SUM(K58:L58) -> 0 | N58: =450*5 -> 2250 | O58: =N58-M58 -> 2250 | P58: =O58/N58*100% -> 1
A59: Rejection | B59: Kizzy Serrano | C59: IL | D59: RD | E59: P | F59: P | G59: 7 | H59: P | I59: P | J59: RD | K59: =SUM(D59:J59) -> 7 | L59: =SUMIF(D59:J59,"450") -> 0 | M59: =SUM(K59:L59) -> 7 | N59: =450*5 -> 2250 | O59: =N59-M59 -> 2243 | P59: =O59/N59*100% -> 0.99688889
A60: Billing | B60: Kyzen Hayagan | C60: MA | D60: RD | E60: P | F60: P | G60: P | H60: P | I60: P | J60: RD | K60: =SUM(D60:I60) -> 0 | L60: =SUMIF(D60:J60,"450") -> 0 | M60: =SUM(K60:L60) -> 0 | N60: =450*5 -> 2250 | O60: =N60-M60 -> 2250 | P60: =O60/N60*100% -> 1
A61: Billing | B61: Lea Alagadmo | C61: MA | D61: RD | E61: P | F61: LWOP | G61: P | H61: P | I61: LWOP | J61: RD | K61: =SUM(D61:I61) -> 0 | L61: =SUMIF(D61:J61,"450") -> 0 | M61: =SUM(K61:L61) -> 0 | N61: =450*5 -> 2250 | O61: =N61-M61 -> 2250 | P61: =O61/N61*100% -> 1
A62: Mpen | B62: Leo Olesco | C62: Multi | D62: RD | E62: P | F62: P | G62: P | H62: P | I62: P | J62: RD | K62: 0 | L62: =SUMIF(D62:J62,"450") -> 0 | M62: =SUM(K62:L62) -> 0 | N62: =450*5 -> 2250 | O62: =N62-M62 -> 2250 | P62: =O62/N62*100% -> 1
A63: Billing | B63: Lorraine Cabantac | C63: NJ | D63: RD | E63: P | F63: P | G63: P | H63: P | I63: P | J63: RD | K63: 0 | L63: =SUMIF(D63:J63,"450") -> 0 | M63: =SUM(K63:L63) -> 0 | N63: =450*5 -> 2250 | O63: =N63-M63 -> 2250 | P63: =O63/N63*100% -> 1
A64: Billing | B64: Louis Cantillion | C64: NJ | D64: RD | E64: VL | F64: VL | G64: P | H64: P | I64: P | J64: RD | K64: =SUM(E64:I64) -> 0 | L64: =SUMIF(D64:J64,"450") -> 0 | M64: =SUM(K64:L64) -> 0 | N64: =450*4 -> 1800 | O64: =N64-M64 -> 1800 | P64: =O64/N64*100% -> 1
A65: Rejection | B65: Margie Theres A Magluyan | C65: Multi | D65: 4 | E65: P | F65: RD | G65: RD | H65: P | I65: P | J65: P | K65: =SUM(D65:J65) -> 4 | L65: =SUMIF(D65:J65,"450") -> 0 | M65: =SUM(K65:L65) -> 4 | N65: =450*5 -> 2250 | O65: =N65-M65 -> 2246 | P65: =O65/N65*100% -> 0.99822222
A66: Billing | B66: Marion Vien Santos | C66: KY | D66: RD | E66: P | F66: LWOP | G66: 17 | H66: P | I66: P | J66: RD | K66: =G66 -> 17 | L66: =SUMIF(D66:J66,"450") -> 0 | M66: =SUM(K66:L66) -> 17 | N66: =450*5 -> 2250 | O66: =N66-M66 -> 2233 | P66: =O66/N66*100% -> 0.99244444 | R66: 1
A67: Billing | B67: Mark Bienes | C67: NY | D67: RD | E67: P | F67: P | G67: P | H67: P | I67: P | J67: RD | K67: =SUM(D67:J67) -> 0 | L67: =SUMIF(D67:J67,"450") -> 0 | M67: =SUM(K67:L67) -> 0 | N67: =450*5 -> 2250 | O67: =N67-M67 -> 2250 | P67: =O67/N67*100% -> 1
A68: Billing | B68: Mark Frankie Pecolera | C68: IL | D68: RD | E68: P | F68: P | G68: P | H68: P | I68: P | J68: RD | K68: =SUM(D68:J68) -> 0 | L68: =SUMIF(D68:J68,"450") -> 0 | M68: =SUM(K68:L68) -> 0 | N68: =450*5 -> 2250 | O68: =N68-M68 -> 2250 | P68: =O68/N68*100% -> 1
A69: Mpen | B69: Mark Metra | C69: Multi | D69: RD | E69: P | F69: 5 | G69: LWOP | H69: P | I69: P | J69: RD | K69: =F69 -> 5 | L69: =SUMIF(D69:J69,"450") -> 0 | M69: =SUM(K69:L69) -> 5 | N69: =450*5 -> 2250 | O69: =N69-M69 -> 2245 | P69: =O69/N69*100% -> 0.99777778 | R69: 1
A70: Rejection | B70: Mary Dela Cruz | C70: IL | D70: RD | E70: P | F70: P | G70: P | H70: P | I70: P | J70: RD | K70: =SUM(D70:J70) -> 0 | L70: =SUMIF(D70:J70,"450") -> 0 | M70: =SUM(K70:L70) -> 0 | N70: =450*5 -> 2250 | O70: =N70-M70 -> 2250 | P70: =O70/N70*100% -> 1
A71: Rejection | B71: Mary Kilario | C71: KY/IL | D71: RD | E71: P | F71: P | G71: P | H71: P | I71: P | J71: RD | K71: =SUM(D71:J71) -> 0 | L71: =SUMIF(D71:J71,"450") -> 0 | M71: =SUM(K71:L71) -> 0 | N71: =450*5 -> 2250 | O71: =N71-M71 -> 2250 | P71: =O71/N71*100% -> 1
A72: ALF | B72: Mayann Somera | C72: Multi | D72: RD | E72: 9 | F72: P | G72: P | H72: P | I72: P | J72: RD | K72: =SUM(E72:I72) -> 9 | L72: =SUMIF(D72:J72,"450") -> 0 | M72: =SUM(K72:L72) -> 9 | N72: =450*5 -> 2250 | O72: =N72-M72 -> 2241 | P72: =O72/N72*100% -> 0.996
A73: Billing | B73: Mherica Santos | C73: KY | D73: RD | E73: P | F73: 7 | G73: 1 | H73: 7 | I73: 2 | J73: RD | K73: =SUM(D73:I73) -> 17 | L73: =SUMIF(D73:J73,"450") -> 0 | M73: =SUM(K73:L73) -> 17 | N73: =450*5 -> 2250 | O73: =N73-M73 -> 2233 | P73: =O73/N73*100% -> 0.99244444
A74: Rejection | B74: Mikaella Santos | C74: Multi | D74: P | E74: P | F74: RD | G74: RD | H74: P | I74: P | J74: P | K74: =SUM(D74:J74) -> 0 | L74: =SUMIF(D74:J74,"450") -> 0 | M74: =SUM(K74:L74) -> 0 | N74: =450*5 -> 2250 | O74: =N74-M74 -> 2250 | P74: =O74/N74*100% -> 1
A75: Intake | B75: Nerissa Ong | C75: Multi | D75: RD | E75: RD | F75: 33 | G75: P | H75: 1 | I75: 1 | J75: P | K75: =SUM(D75:J75) -> 35 | L75: =SUMIF(D75:J75,"450") -> 0 | M75: =SUM(K75:L75) -> 35 | N75: =450*4 -> 1800 | O75: =N75-M75 -> 1765 | P75: =O75/N75*100% -> 0.98055556 | R75: 1
A76: Billing | B76: Noemi Landerito | C76: IL | D76: RD | E76: P | F76: P | G76: P | H76: P | I76: P | J76: RD | K76: =SUM(D76:J76) -> 0 | L76: =SUMIF(D76:J76,"450") -> 0 | M76: =SUM(K76:L76) -> 0 | N76: =450*5 -> 2250 | O76: =N76-M76 -> 2250 | P76: =O76/N76*100% -> 1
A77: Billing | B77: Patricia Busio | C77: NJ | D77: RD | E77: P | F77: P | G77: P | H77: P | I77: P | J77: RD | K77: =SUM(E77:I77) -> 0 | L77: =SUMIF(D77:J77,"450") -> 0 | M77: =SUM(K77:L77) -> 0 | N77: =450*5 -> 2250 | O77: =N77-M77 -> 2250 | P77: =O77/N77*100% -> 1
A78: Billing | B78: Rafunzel M Manuel | C78: MA | D78: RD | E78: P | F78: P | G78: P | H78: P | I78: P | J78: RD | K78: =SUM(D78:I78) -> 0 | L78: =SUMIF(D78:J78,"450") -> 0 | M78: =SUM(K78:L78) -> 0 | N78: =450*5 -> 2250 | O78: =N78-M78 -> 2250 | P78: =O78/N78*100% -> 1
A79: Billing | B79: Raphael Macasocol | C79: IL | D79: RD | E79: P | F79: P | G79: P | H79: P | I79: 450 | J79: RD | K79: 0 | L79: =SUMIF(D79:J79,"450") -> 450 | M79: =SUM(K79:L79) -> 450 | N79: =450*5 -> 2250 | O79: =N79-M79 -> 1800 | P79: =O79/N79*100% -> 0.8 | S79: 1
A80: Intake | B80: Remaden Bautista | C80: Multi | D80: RD | E80: P | F80: P | G80: P | H80: P | I80: P | J80: RD | K80: =SUM(D80:J80) -> 0 | L80: =SUMIF(D80:J80,"450") -> 0 | M80: =SUM(K80:L80) -> 0 | N80: =450*5 -> 2250 | O80: =N80-M80 -> 2250 | P80: =O80/N80*100% -> 1
A81: Rejection | B81: Rhona Sanejo | C81: KY | D81: P | E81: P | F81: RD | G81: RD | H81: P | I81: P | J81: P | K81: =SUM(D81:J81) -> 0 | L81: =SUMIF(D81:J81,"450") -> 0 | M81: =SUM(K81:L81) -> 0 | N81: =450*5 -> 2250 | O81: =N81-M81 -> 2250 | P81: =O81/N81*100% -> 1
A82: Billing | B82: Ricalyn Clarencio | C82: IL | D82: RD | E82: P | F82: P | G82: 450 | H82: P | I82: P | J82: RD | K82: 0 | L82: =SUMIF(D82:J82,"450") -> 450 | M82: =SUM(K82:L82) -> 450 | N82: =450*5 -> 2250 | O82: =N82-M82 -> 1800 | P82: =O82/N82*100% -> 0.8
A83: Billing | B83: Roxinne Madolid | C83: IL | D83: RD | E83: P | F83: P | G83: P | H83: P | I83: P | J83: RD | K83: =SUM(D83:J83) -> 0 | L83: =SUMIF(D83:J83,"450") -> 0 | M83: =SUM(K83:L83) -> 0 | N83: =450*5 -> 2250 | O83: =N83-M83 -> 2250 | P83: =O83/N83*100% -> 1
A84: Rejection | B84: Rubyneil Abejero | C84: Multi | D84: RD | E84: P | F84: P | G84: P | H84: P | I84: P | J84: RD | K84: =SUM(D84:J84) -> 0 | L84: =SUMIF(D84:J84,"450") -> 0 | M84: =SUM(K84:L84) -> 0 | N84: =450*5 -> 2250 | O84: =N84-M84 -> 2250 | P84: =O84/N84*100% -> 1
A85: Rejection | B85: Ruth Dela Cruz | C85: KY/IL | D85: RD | E85: P | F85: P | G85: P | H85: P | I85: P | J85: RD | K85: =SUM(D85:J85) -> 0 | L85: =SUMIF(D85:J85,"450") -> 0 | M85: =SUM(K85:L85) -> 0 | N85: =450*5 -> 2250 | O85: =N85-M85 -> 2250 | P85: =O85/N85*100% -> 1
A86: Billing | B86: Ryan Rillo | C86: KY | D86: RD | E86: 450 | F86: P | G86: P | H86: 8 | I86: P | J86: RD | K86: 0 | L86: =SUMIF(D86:J86,"450") -> 450 | M86: =SUM(K86:L86) -> 450 | N86: =450*5 -> 2250 | O86: =N86-M86 -> 1800 | P86: =O86/N86*100% -> 0.8 | S86: 1
A87: Rejection | B87: Sandarah Cruz | C87: IL | D87: RD | E87: 4 | F87: P | G87: P | H87: P | I87: 131 | J87: RD | K87: =SUM(D87:J87) -> 135 | L87: =SUMIF(D87:J87,"450") -> 0 | M87: =SUM(K87:L87) -> 135 | N87: =450*5 -> 2250 | O87: =N87-M87 -> 2115 | P87: =O87/N87*100% -> 0.94
A88: Billing | B88: Sean Edulan | C88: NJ | D88: RD | E88: P | F88: P | G88: P | H88: P | I88: P | J88: RD | K88: =SUM(E88:I88) -> 0 | L88: =SUMIF(D88:J88,"450") -> 0 | M88: =SUM(K88:L88) -> 0 | N88: =450*5 -> 2250 | O88: =N88-M88 -> 2250 | P88: =O88/N88*100% -> 1
A89: Billing | B89: Stephanie Del Rosario | C89: NJ | D89: RD | E89: P | F89: P | G89: P | H89: P | I89: P | J89: RD | K89: 0 | L89: =SUMIF(D89:J89,"450") -> 0 | M89: =SUM(K89:L89) -> 0 | N89: =450*5 -> 2250 | O89: =N89-M89 -> 2250 | P89: =O89/N89*100% -> 1
A90: Billing | B90: Syra Jade Yaranon | C90: NY | D90: RD | E90: 19 | F90: 23 | G90: P | H90: P | I90: P | J90: RD | K90: =SUM(D90:J90) -> 42 | L90: =SUMIF(D90:J90,"450") -> 0 | M90: =SUM(K90:L90) -> 42 | N90: =450*5 -> 2250 | O90: =N90-M90 -> 2208 | P90: =O90/N90*100% -> 0.98133333
A91: Rejection | B91: Tricia Galsim | C91: NJ | D91: RD | E91: 450 | F91: P | G91: 7 | H91: P | I91: P | J91: RD | K91: 0 | L91: =SUMIF(D91:J91,"450") -> 450 | M91: =SUM(K91:L91) -> 450 | N91: =450*5 -> 2250 | O91: =N91-M91 -> 1800 | P91: =O91/N91*100% -> 0.8
A92: Rejection | B92: Vincent Paolo Villasenor | C92: Multi | D92: RD | E92: VL | F92: 12 | G92: 19 | H92: 15 | I92: 66 | J92: RD | K92: =G92 -> 19 | L92: =SUMIF(D92:J92,"450") -> 0 | M92: =SUM(K92:L92) -> 19 | N92: =450*4 -> 1800 | O92: =N92-M92 -> 1781 | P92: =O92/N92*100% -> 0.98944444 | Q92: 1
A93: Rejection | B93: Vladimir Patio | C93: Multi | D93: RD | E93: VL | F93: P | G93: P | H93: P | I93: P | J93: RD | K93: =SUM(D93:J93) -> 0 | L93: =SUMIF(D93:J93,"450") -> 0 | M93: =SUM(K93:L93) -> 0 | N93: =450*4 -> 1800 | O93: =N93-M93 -> 1800 | P93: =O93/N93*100% -> 1 | Q93: 1
A94: Billing | B94: Xenrel Mae O Dacubar | C94: NY | D94: RD | E94: 450 | F94: P | G94: P | H94: 8 | I94: 20 | J94: RD | K94: =H94+I94 -> 28 | L94: =SUMIF(D94:J94,"450") -> 450 | M94: =SUM(K94:L94) -> 478 | N94: =450*5 -> 2250 | O94: =N94-M94 -> 1772 | P94: =O94/N94*100% -> 0.78755556
K95: =SUM(K2:K94) -> 1107 | L95: =SUM(L2:L94) -> 8100 | M95: =SUM(M2:M94) -> 9207 | N95: =SUM(N2:N94) -> 202050 | O95: =SUM(O2:O94) -> 192843 | P95: =AVERAGE(P2:P94) -> 0.95573955
K97: =K95/N95*100% -> 0.0054788419 | L97: =L95/N95*100% -> 0.040089087 | M97: =M95/N95*100% -> 0.045567929

Sheet JWeek4
A1: Department | B1: Full Name | C1: State | D1: SUNDAY | E1: MONDAY | F1: TUESDAY | G1: WEDNESDAY | H1: THURSDAY | I1: FRIDAY | J1: SATURDAY | K1: SUNDAY | L1: MONDAY | M1: Tardiness | N1: Absences | O1: Lost Hours | P1: Target | Q1: Completed | R1: Attendance | S1: VL | T1: LWOP | U1: SL | V1: OTHER
A2: Billing | B2: Alexandra Ortiz | C2: KY | D2: RD | E2: LWOP | F2: LWOP | G2: P | H2: P | I2: P | J2: RD | K2: RD | L2: P | M2: 0 | N2: =SUMIF(D2:L2,"450") -> 0 | O2: =SUM(M2:N2) -> 0 | P2: =450*4 -> 1800 | Q2: =P2-O2 -> 1800 | R2: =Q2/P2*100% -> 1 | T2: 3
A3: Rejection | B3: Alyssa DeGuzman | C3: KY | D3: 3 | E3: P | F3: RD | G3: RD | H3: P | I3: P | J3: P | K3: P | L3: P | M3: =SUM(D3:L3) -> 3 | N3: =SUMIF(D3:L3,"450") -> 0 | O3: =SUM(M3:N3) -> 3 | P3: =450*7 -> 3150 | Q3: =P3-O3 -> 3147 | R3: =Q3/P3*100% -> 0.99904762
A4: Rejection | B4: Analyn Caniedo | C4: IL | D4: 2 | E4: 16 | F4: RD | G4: RD | H4: 4 | I4: P | J4: P | K4: P | L4: 5 | M4: =SUM(D4:L4) -> 27 | N4: =SUMIF(D4:L4,"450") -> 0 | O4: =SUM(M4:N4) -> 27 | P4: =450*7 -> 3150 | Q4: =P4-O4 -> 3123 | R4: =Q4/P4*100% -> 0.99142857 | X4: Row Labels | Y4: Average of Attendance
A5: Billing | B5: Analyn Diaz | C5: NJ | D5: RD | E5: 2 | F5: P | G5: P | H5: 4 | I5: P | J5: RD | K5: RD | L5: P | M5: =E5+H5 -> 6 | N5: =SUMIF(D5:L5,"450") -> 0 | O5: =SUM(M5:N5) -> 6 | P5: =450*6 -> 2700 | Q5: =P5-O5 -> 2694 | R5: =Q5/P5*100% -> 0.99777778 | X5: ALF | Y5: 1
A6: Rejection | B6: Andrea Fonacier | C6: Multi | D6: RD | E6: 3 | F6: P | G6: P | H6: P | I6: P | J6: RD | K6: RD | L6: P | M6: =SUM(D6:L6) -> 3 | N6: =SUMIF(D6:L6,"450") -> 0 | O6: =SUM(M6:N6) -> 3 | P6: =450*6 -> 2700 | Q6: =P6-O6 -> 2697 | R6: =Q6/P6*100% -> 0.99888889 | X6: Multi | Y6: 1
A7: Intake | B7: Angelica Bautista | C7: Multi | D7: P | E7: 6 | F7: P | G7: P | H7: P | I7: RD | J7: RD | K7: P | L7: 3 | M7: =SUM(D7:L7) -> 9 | N7: =SUMIF(D7:L7,"450") -> 0 | O7: =SUM(M7:N7) -> 9 | P7: =450*8 -> 3600 | Q7: =P7-O7 -> 3591 | R7: =Q7/P7*100% -> 0.9975 | X7: Mayann Somera | Y7: 1
A8: Billing | B8: Angelo Agron | C8: NJ | D8: RD | E8: 450 | F8: P | G8: 13 | H8: P | I8: 8 | J8: RD | K8: RD | L8: 9 | M8: =SUM(F8:I8) -> 21 | N8: =SUMIF(D8:L8,"450") -> 450 | O8: =SUM(M8:N8) -> 471 | P8: =450*5 -> 2250 | Q8: =P8-O8 -> 1779 | R8: =Q8/P8*100% -> 0.79066667 | V8: 1 | X8: Billing | Y8: 0.94288241
A9: Billing | B9: Anthea Ann Lumen | C9: KY | D9: RD | E9: P | F9: 4 | G9: P | H9: P | I9: P | J9: RD | K9: RD | L9: P | M9: =SUM(D9:I9) -> 4 | N9: =SUMIF(D9:L9,"450") -> 0 | O9: =SUM(M9:N9) -> 4 | P9: =450*6 -> 2700 | Q9: =P9-O9 -> 2696 | R9: =Q9/P9*100% -> 0.99851852 | X9: IL | Y9: 0.99181481
A10: Billing | B10: Anthony Valdez | C10: KY | D10: RD | E10: 3 | F10: P | G10: P | H10: P | I10: P | J10: RD | K10: RD | L10: P | M10: =SUM(D10:I10) -> 3 | N10: =SUMIF(D10:L10,"450") -> 0 | O10: =SUM(M10:N10) -> 3 | P10: =450*6 -> 2700 | Q10: =P10-O10 -> 2697 | R10: =Q10/P10*100% -> 0.99888889 | X10: Femie DC Domenden | Y10: 1
A11: Intake | B11: Ar Jean Tudtud | C11: Multi | D11: RD | E11: RD | F11: P | G11: P | H11: P | I11: P | J11: P | K11: RD | L11: RD | M11: =SUM(D11:I11) -> 0 | N11: =SUMIF(D11:L11,"450") -> 0 | O11: =SUM(M11:N11) -> 0 | P11: =450*5 -> 2250 | Q11: =P11-O11 -> 2250 | R11: =Q11/P11*100% -> 1 | X11: Francis Narboneta | Y11: 0.91851852
A12: Rejection | B12: Arah Blancia | C12: IL | D12: P | E12: P | F12: P | G12: RD | H12: RD | I12: P | J12: P | K12: P | L12: LWOP | M12: =SUM(D12:L12) -> 0 | N12: =SUMIF(D12:L12,"450") -> 0 | O12: =SUM(M12:N12) -> 0 | P12: =450*7 -> 3150 | Q12: =P12-O12 -> 3150 | R12: =Q12/P12*100% -> 1 | T12: 1 | X12: Glory Nabayra | Y12: 1
A13: Rejection | B13: Avril Rie Son | C13: NJ | D13: RD | E13: P | F13: P | G13: 5 | H13: P | I13: 1 | J13: RD | K13: RD | L13: 18 | M13: =SUM(D13:L13) -> 24 | N13: =SUMIF(D13:L13,"450") -> 0 | O13: =SUM(M13:N13) -> 24 | P13: =450*6 -> 2700 | Q13: =P13-O13 -> 2676 | R13: =Q13/P13*100% -> 0.99111111 | T13: 1 | X13: Iverson Libranda | Y13: 1
A14: Rejection | B14: Charlene Valdez | C14: Multi | D14: RD | E14: P | F14: P | G14: P | H14: P | I14: P | J14: RD | K14: RD | L14: P | M14: =SUM(D14:L14) -> 0 | N14: =SUMIF(D14:L14,"450") -> 0 | O14: =SUM(M14:N14) -> 0 | P14: =450*6 -> 2700 | Q14: =P14-O14 -> 2700 | R14: =Q14/P14*100% -> 1 | X14: Joshua Joaquin | Y14: 0.99962963
A15: Rejection | B15: Charyselle Cadelina | C15: KY | D15: RD | E15: 97 | F15: P | G15: P | H15: 15 | I15: P | J15: RD | K15: RD | L15: P | M15: =SUM(D15:L15) -> 112 | N15: =SUMIF(D15:L15,"450") -> 0 | O15: =SUM(M15:N15) -> 112 | P15: =450*6 -> 2700 | Q15: =P15-O15 -> 2588 | R15: =Q15/P15*100% -> 0.95851852 | X15: Mark Frankie Pecolera | Y15: 1
A16: Intake | B16: Collen Silapan | C16: Multi | D16: 56 | E16: P | F16: P | G16: P | H16: P | I16: RD | J16: RD | K16: P | L16: 1 | M16: =SUM(D16:L16) -> 57 | N16: =SUMIF(D16:L16,"450") -> 0 | O16: =SUM(M16:N16) -> 57 | P16: =450*7 -> 3150 | Q16: =P16-O16 -> 3093 | R16: =Q16/P16*100% -> 0.98190476 | X16: Noemi Landerito | Y16: 1
A17: Rejection | B17: Danielle Generao | C17: KY | D17: RD | E17: 43 | F17: 5 | G17: 7 | H17: P | I17: P | J17: RD | K17: RD | L17: LWOP | M17: =SUM(D17:L17) -> 55 | N17: =SUMIF(D17:L17,"450") -> 0 | O17: =SUM(M17:N17) -> 55 | P17: =450*5 -> 2250 | Q17: =P17-O17 -> 2195 | R17: =Q17/P17*100% -> 0.97555556 | T17: 1 | X17: Raphael Macasocol | Y17: 1
A18: Rejection | B18: Edmark Bania | C18: Multi | D18: P | E18: P | F18: P | G18: RD | H18: RD | I18: P | J18: P | K18: P | L18: P | M18: =SUM(D18:L18) -> 0 | N18: =SUMIF(D18:L18,"450") -> 0 | O18: =SUM(M18:N18) -> 0 | P18: =450*7 -> 3150 | Q18: =P18-O18 -> 3150 | R18: =Q18/P18*100% -> 1 | X18: Ricalyn Clarencio | Y18: 1
A19: Billing | B19: Eldrick Loreno | C19: NY | D19: RD | E19: P | F19: RD | G19: P | H19: P | I19: P | J19: P | K19: RD | L19: P | M19: =SUM(D19:J19) -> 0 | N19: =SUMIF(D19:L19,"450") -> 0 | O19: =SUM(M19:N19) -> 0 | P19: =450*6 -> 2700 | Q19: =P19-O19 -> 2700 | R19: =Q19/P19*100% -> 1 | X19: Roxinne Madolid | Y19: 1
A20: Rebill | B20: Erika Ramos | C20: Multi | D20: RD | E20: 4 | F20: P | G20: P | H20: P | I20: P | J20: RD | K20: RD | L20: P | M20: =SUM(E20:I20) -> 4 | N20: =SUMIF(D20:L20,"450") -> 0 | O20: =SUM(M20:N20) -> 4 | P20: =450*5 -> 2250 | Q20: =P20-O20 -> 2246 | R20: =Q20/P20*100% -> 0.99822222 | X20: KY | Y20: 0.97282407
A21: Billing | B21: Ethel Gregorio | C21: MA | D21: RD | E21: 5 | F21: 3 | G21: 6 | H21: P | I21: 2 | J21: RD | K21: RD | L21: 3 | M21: =SUM(D21:I21) -> 16 | N21: =SUMIF(D21:L21,"450") -> 0 | O21: =SUM(M21:N21) -> 16 | P21: =450*6 -> 2700 | Q21: =P21-O21 -> 2684 | R21: =Q21/P21*100% -> 0.99407407 | X21: Alexandra Ortiz | Y21: 1
A22: Billing | B22: Eunice Bargo | C22: MA | D22: RD | E22: 54 | F22: P | G22: P | H22: P | I22: 450 | J22: RD | K22: RD | L22: P | M22: =E22 -> 54 | N22: =SUMIF(D22:L22,"450") -> 450 | O22: =SUM(M22:N22) -> 504 | P22: =450*6 -> 2700 | Q22: =P22-O22 -> 2196 | R22: =Q22/P22*100% -> 0.81333333 | V22: 1 | X22: Anthea Ann Lumen | Y22: 0.99851852
A23: Rejection | B23: Eunice Padadnan | C23: NY | D23: RD | E23: P | F23: P | G23: P | H23: P | I23: P | J23: RD | K23: RD | L23: P | M23: =SUM(D23:L23) -> 0 | N23: =SUMIF(D23:L23,"450") -> 0 | O23: =SUM(M23:N23) -> 0 | P23: =450*6 -> 2700 | Q23: =P23-O23 -> 2700 | R23: =Q23/P23*100% -> 1 | X23: Anthony Valdez | Y23: 0.99888889
A24: Billing | B24: Femie DC Domenden | C24: IL | D24: RD | E24: P | F24: P | G24: VL | H24: VL | I24: VL | J24: RD | K24: RD | L24: VL | M24: =SUM(D24:J24) -> 0 | N24: =SUMIF(D24:L24,"450") -> 0 | O24: =SUM(M24:N24) -> 0 | P24: =450*2 -> 900 | Q24: =P24-O24 -> 900 | R24: =Q24/P24*100% -> 1 | S24: 4 | X24: Johnella Lopez | Y24: 0.98851852
A25: Rejection | B25: Francis Alba | C25: Multi | D25: RD | E25: 5 | F25: P | G25: P | H25: P | I25: P | J25: RD | K25: RD | L25: 5 | M25: =SUM(D25:L25) -> 10 | N25: =SUMIF(D25:L25,"450") -> 0 | O25: =SUM(M25:N25) -> 10 | P25: =450*6 -> 2700 | Q25: =P25-O25 -> 2690 | R25: =Q25/P25*100% -> 0.9962963 | X25: Kate Constantino | Y25: 1
A26: Billing | B26: Francis Narboneta | C26: IL | D26: RD | E26: P | F26: P | G26: P | H26: 220 | I26: P | J26: RD | K26: RD | L26: P | M26: =H26 -> 220 | N26: =SUMIF(D26:L26,"450") -> 0 | O26: =SUM(M26:N26) -> 220 | P26: =450*6 -> 2700 | Q26: =P26-O26 -> 2480 | R26: =Q26/P26*100% -> 0.91851852 | X26: Marion Vien Santos | Y26: 0.97592593
A27: Billing | B27: Gladys Astilla | C27: MA | D27: RD | E27: 29 | F27: P | G27: P | H27: P | I27: P | J27: RD | K27: RD | L27: P | M27: =SUM(D27:I27) -> 29 | N27: =SUMIF(D27:L27,"450") -> 0 | O27: =SUM(M27:N27) -> 29 | P27: =450*6 -> 2700 | Q27: =P27-O27 -> 2671 | R27: =Q27/P27*100% -> 0.98925926 | X27: Mherica Santos | Y27: 0.98740741
A28: Rejection | B28: Glessie DeJesus | C28: KY | D28: RD | E28: P | F28: P | G28: P | H28: P | I28: P | J28: RD | K28: RD | L28: P | M28: =SUM(D28:L28) -> 0 | N28: =SUMIF(D28:L28,"450") -> 0 | O28: =SUM(M28:N28) -> 0 | P28: =450*6 -> 2700 | Q28: =P28-O28 -> 2700 | R28: =Q28/P28*100% -> 1 | X28: Ryan Rillo | Y28: 0.83333333
A29: Billing | B29: Glory Nabayra | C29: IL | D29: RD | E29: P | F29: P | G29: P | H29: P | I29: P | J29: RD | K29: RD | L29: P | M29: =SUM(D29:J29) -> 0 | N29: =SUMIF(D29:L29,"450") -> 0 | O29: =SUM(M29:N29) -> 0 | P29: =450*6 -> 2700 | Q29: =P29-O29 -> 2700 | R29: =Q29/P29*100% -> 1 | X29: MA | Y29: 0.87242798
A30: Rejection | B30: Hanna Arceo | C30: KY | D30: RD | E30: P | F30: 11 | G30: P | H30: P | I30: P | J30: RD | K30: RD | L30: P | M30: =SUM(D30:L30) -> 11 | N30: =SUMIF(D30:L30,"450") -> 0 | O30: =SUM(M30:N30) -> 11 | P30: =450*6 -> 2700 | Q30: =P30-O30 -> 2689 | R30: =Q30/P30*100% -> 0.99592593 | X30: Ethel Gregorio | Y30: 0.99407407
A31: Mpen | B31: Hans Ruan | C31: Multi | D31: RD | E31: P | F31: P | G31: LWOP | H31: P | I31: LWOP | J31: RD | K31: RD | L31: P | M31: 0 | N31: =SUMIF(D31:L31,"450") -> 0 | O31: =SUM(M31:N31) -> 0 | P31: =450*6 -> 2700 | Q31: =P31-O31 -> 2700 | R31: =Q31/P31*100% -> 1 | X31: Eunice Bargo | Y31: 0.81333333
A32: Intake | B32: Hazelyn Rodrigo | C32: Multi | D32: 80 | E32: P | F32: RD | G32: RD | H32: P | I32: P | J32: P | K32: RD | L32: 26 | M32: =SUM(D32:L32) -> 106 | N32: =SUMIF(D32:L32,"450") -> 0 | O32: =SUM(M32:N32) -> 106 | P32: =450*7 -> 3150 | Q32: =P32-O32 -> 3044 | R32: =Q32/P32*100% -> 0.96634921 | X32: Gladys Astilla | Y32: 0.98925926
A33: Rejection | B33: Iris Dahnielle Andalleon | C33: Multi | D33: P | E33: 2 | F33: P | G33: RD | H33: RD | I33: P | J33: P | K33: P | L33: P | M33: =SUM(D33:L33) -> 2 | N33: =SUMIF(D33:L33,"450") -> 0 | O33: =SUM(M33:N33) -> 2 | P33: =450*7 -> 3150 | Q33: =P33-O33 -> 3148 | R33: =Q33/P33*100% -> 0.99936508 | X33: Jason Cruz | Y33: 0.99037037
A34: Intake | B34: Isabela Arellano | C34: Multi | D34: P | E34: 4 | F34: P | G34: P | H34: P | I34: RD | J34: RD | K34: RD | L34: P | M34: =SUM(D34:L34) -> 4 | N34: =SUMIF(D34:L34,"450") -> 0 | O34: =SUM(M34:N34) -> 4 | P34: =450*8 -> 3600 | Q34: =P34-O34 -> 3596 | R34: =Q34/P34*100% -> 0.99888889 | X34: Jimwell Osiang | Y34: 0.82592593
A35: Billing | B35: Iverson Libranda | C35: IL | D35: RD | E35: P | F35: P | G35: P | H35: P | I35: P | J35: RD | K35: RD | L35: P | M35: 0 | N35: =SUMIF(D35:L35,"450") -> 0 | O35: =SUM(M35:N35) -> 0 | P35: =450*6 -> 2700 | Q35: =P35-O35 -> 2700 | R35: =Q35/P35*100% -> 1 | X35: Julieann Manasan | Y35: 1
A36: Billing | B36: Jason Cruz | C36: MA | D36: RD | E36: 26 | F36: P | G36: P | H36: P | I36: P | J36: RD | K36: RD | L36: P | M36: =SUM(D36:I36) -> 26 | N36: =SUMIF(D36:L36,"450") -> 0 | O36: =SUM(M36:N36) -> 26 | P36: =450*6 -> 2700 | Q36: =P36-O36 -> 2674 | R36: =Q36/P36*100% -> 0.99037037 | X36: Kyzen Hayagan | Y36: 0.9062963
A37: Rejection | B37: Jean Tan | C37: Multi | D37: RD | E37: P | F37: P | G37: P | H37: P | I37: P | J37: RD | K37: RD | L37: P | M37: =SUM(D37:L37) -> 0 | N37: =SUMIF(D37:L37,"450") -> 0 | O37: =SUM(M37:N37) -> 0 | P37: =450*6 -> 2700 | Q37: =P37-O37 -> 2700 | R37: =Q37/P37*100% -> 1 | X37: Lea Alagadmo | Y37: 0.99925926
A38: Rejection | B38: Jeannie Bajaro | C38: Multi | D38: P | E38: P | F38: RD | G38: RD | H38: P | I38: P | J38: P | K38: P | L38: P | M38: =SUM(D38:L38) -> 0 | N38: =SUMIF(D38:L38,"450") -> 0 | O38: =SUM(M38:N38) -> 0 | P38: =450*7 -> 3150 | Q38: =P38-O38 -> 3150 | R38: =Q38/P38*100% -> 1 | X38: Rafunzel M Manuel | Y38: 0.33333333
A39: Rejection | B39: Jericho Crame | C39: NJ | D39: RD | E39: P | F39: P | G39: P | H39: P | I39: P | J39: RD | K39: RD | L39: P | M39: =SUM(D39:J39) -> 0 | N39: =SUMIF(D39:L39,"450") -> 0 | O39: =SUM(M39:N39) -> 0 | P39: =450*6 -> 2700 | Q39: =P39-O39 -> 2700 | R39: =Q39/P39*100% -> 1 | X39: NJ | Y39: 0.94622634
A40: Billing | B40: Jesslyn Gatbunton | C40: NJ | D40: RD | E40: P | F40: P | G40: P | H40: 25 | I40: P | J40: RD | K40: RD | L40: 222 | M40: =SUM(E40:I40) -> 25 | N40: =SUMIF(D40:L40,"450") -> 0 | O40: =SUM(M40:N40) -> 25 | P40: =450*6 -> 2700 | Q40: =P40-O40 -> 2675 | R40: =Q40/P40*100% -> 0.99074074 | X40: Analyn Diaz | Y40: 0.99777778
A41: Rebill | B41: Jewel Mondina | C41: Multi | D41: RD | E41: 17 | F41: P | G41: P | H41: P | I41: P | J41: RD | K41: RD | L41: P | M41: =SUM(E41:I41) -> 17 | N41: =SUMIF(D41:L41,"450") -> 0 | O41: =SUM(M41:N41) -> 17 | P41: =450*5 -> 2250 | Q41: =P41-O41 -> 2233 | R41: =Q41/P41*100% -> 0.99244444 | X41: Angelo Agron | Y41: 0.79066667
A42: Billing | B42: Jimwell Osiang | C42: MA | D42: RD | E42: 20 | F42: P | G42: P | H42: P | I42: 450 | J42: RD | K42: RD | L42: P | M42: =E42 -> 20 | N42: =SUMIF(D42:L42,"450") -> 450 | O42: =SUM(M42:N42) -> 470 | P42: =450*6 -> 2700 | Q42: =P42-O42 -> 2230 | R42: =Q42/P42*100% -> 0.82592593 | X42: Jesslyn Gatbunton | Y42: 0.99074074
A43: Rejection | B43: Jizelle Delos Reyes | C43: NY | D43: RD | E43: 450 | F43: 450 | G43: P | H43: P | I43: P | J43: RD | K43: RD | L43: 5 | M43: =L43 -> 5 | N43: =SUMIF(D43:L43,"450") -> 900 | O43: =SUM(M43:N43) -> 905 | P43: =450*4 -> 1800 | Q43: =P43-O43 -> 895 | R43: =Q43/P43*100% -> 0.49722222 | U43: 2 | X43: Josue Baquiran | Y43: 1
A44: Rejection | B44: Joanna Cabrera | C44: NJ | D44: RD | E44: 44 | F44: 450 | G44: 57 | H44: P | I44: 95 | J44: RD | K44: RD | L44: P | M44: =E44+G44+I44 -> 196 | N44: =SUMIF(D44:L44,"450") -> 450 | O44: =SUM(M44:N44) -> 646 | P44: =450*6 -> 2700 | Q44: =P44-O44 -> 2054 | R44: =Q44/P44*100% -> 0.76074074 | U44: 1 | X44: Lorraine Cabantac | Y44: 1
A45: Billing | B45: Johnella Lopez | C45: KY | D45: RD | E45: 20 | F45: P | G45: P | H45: P | I45: 11 | J45: RD | K45: RD | L45: P | M45: =E45+I45 -> 31 | N45: =SUMIF(D45:L45,"450") -> 0 | O45: =SUM(M45:N45) -> 31 | P45: =450*6 -> 2700 | Q45: =P45-O45 -> 2669 | R45: =Q45/P45*100% -> 0.98851852 | X45: Louis Cantillion | Y45: 1
A46: Rejection | B46: Jonathan Marquez | C46: Multi | D46: RD | E46: P | F46: P | G46: P | H46: P | I46: P | J46: RD | K46: RD | L46: P | M46: =SUM(D46:L46) -> 0 | N46: =SUMIF(D46:L46,"450") -> 0 | O46: =SUM(M46:N46) -> 0 | P46: =450*6 -> 2700 | Q46: =P46-O46 -> 2700 | R46: =Q46/P46*100% -> 1 | X46: Patricia Busio | Y46: 0.98962963
A47: Intake | B47: Josea Aseron | C47: Multi | D47: RD | E47: RD | F47: P | G47: P | H47: P | I47: P | J47: P | K47: RD | L47: RD | M47: =SUM(D47:L47) -> 0 | N47: =SUMIF(D47:L47,"450") -> 0 | O47: =SUM(M47:N47) -> 0 | P47: =450*5 -> 2250 | Q47: =P47-O47 -> 2250 | R47: =Q47/P47*100% -> 1 | X47: Sean Edulan | Y47: 1
A48: Billing | B48: Joshua Joaquin | C48: IL | D48: RD | E48: P | F48: 1 | G48: P | H48: P | I48: P | J48: RD | K48: RD | L48: P | M48: =F48 -> 1 | N48: =SUMIF(D48:L48,"450") -> 0 | O48: =SUM(M48:N48) -> 1 | P48: =450*6 -> 2700 | Q48: =P48-O48 -> 2699 | R48: =Q48/P48*100% -> 0.99962963 | X48: Stephanie Del Rosario | Y48: 0.74722222
A49: Billing | B49: Josue Baquiran | C49: NJ | D49: RD | E49: P | F49: P | G49: P | H49: P | I49: P | J49: RD | K49: RD | L49: P | M49: =SUM(E49:I49) -> 0 | N49: =SUMIF(D49:L49,"450") -> 0 | O49: =SUM(M49:N49) -> 0 | P49: =450*6 -> 2700 | Q49: =P49-O49 -> 2700 | R49: =Q49/P49*100% -> 1 | X49: NY | Y49: 0.91166667
A50: Billing | B50: Julieann Manasan | C50: MA | D50: RD | E50: P | F50: P | G50: P | H50: P | I50: P | J50: RD | K50: RD | L50: P | M50: =SUM(D50:I50) -> 0 | N50: =SUMIF(D50:L50,"450") -> 0 | O50: =SUM(M50:N50) -> 0 | P50: =450*6 -> 2700 | Q50: =P50-O50 -> 2700 | R50: =Q50/P50*100% -> 1 | X50: Eldrick Loreno | Y50: 1
A51: Rejection | B51: Jullyca Oblefias | C51: NY | D51: RD | E51: P | F51: P | G51: P | H51: P | I51: P | J51: RD | K51: RD | L51: P | M51: =SUM(D51:J51) -> 0 | N51: =SUMIF(D51:L51,"450") -> 0 | O51: =SUM(M51:N51) -> 0 | P51: =450*6 -> 2700 | Q51: =P51-O51 -> 2700 | R51: =Q51/P51*100% -> 1 | X51: Mark Bienes | Y51: 0.81703704
A52: Mpen | B52: Karl Solomon | C52: Multi | D52: RD | E52: 13 | F52: P | G52: 2 | H52: P | I52: P | J52: RD | K52: RD | L52: 42 | M52: =SUM(E52:L52) -> 57 | N52: =SUMIF(D52:L52,"450") -> 0 | O52: =SUM(M52:N52) -> 57 | P52: =450*6 -> 2700 | Q52: =P52-O52 -> 2643 | R52: =Q52/P52*100% -> 0.97888889 | X52: Syra Jade Yaranon | Y52: 1
A53: Billing | B53: Kate Constantino | C53: KY | D53: RD | E53: P | F53: P | G53: P | H53: P | I53: P | J53: RD | K53: RD | L53: P | M53: =SUM(D53:I53) -> 0 | N53: =SUMIF(D53:L53,"450") -> 0 | O53: =SUM(M53:N53) -> 0 | P53: =450*6 -> 2700 | Q53: =P53-O53 -> 2700 | R53: =Q53/P53*100% -> 1 | X53: Xenrel Mae O Dacubar | Y53: 0.82962963
A54: Intake | B54: Katrina Go | C54: Multi | D54: RD | E54: RD | F54: P | G54: P | H54: P | I54: P | J54: P | K54: RD | L54: RD | M54: =SUM(D54:L54) -> 0 | N54: =SUMIF(D54:L54,"450") -> 0 | O54: =SUM(M54:N54) -> 0 | P54: =450*5 -> 2250 | Q54: =P54-O54 -> 2250 | R54: =Q54/P54*100% -> 1 | X54: Intake | Y54: 0.98056058
A55: Rejection | B55: Kaxyleh Masilongan | C55: NY | D55: RD | E55: 3 | F55: 2 | G55: 7 | H55: P | I55: P | J55: RD | K55: RD | L55: P | M55: =SUM(D55:J55) -> 12 | N55: =SUMIF(D55:L55,"450") -> 0 | O55: =SUM(M55:N55) -> 12 | P55: =450*6 -> 2700 | Q55: =P55-O55 -> 2688 | R55: =Q55/P55*100% -> 0.99555556 | X55: Multi | Y55: 0.98056058
A56: Intake | B56: Kiana Brown | C56: Multi | D56: RD | E56: RD | F56: RD | G56: P | H56: P | I56: P | J56: P | K56: P | L56: RD | M56: =SUM(D56:L56) -> 0 | N56: =SUMIF(D56:L56,"450") -> 0 | O56: =SUM(M56:N56) -> 0 | P56: =450*5 -> 2250 | Q56: =P56-O56 -> 2250 | R56: =Q56/P56*100% -> 1 | X56: Angelica Bautista | Y56: 0.9975
A57: Rejection | B57: Kizzy Serrano | C57: IL | D57: RD | E57: P | F57: P | G57: P | H57: P | I57: P | J57: RD | K57: RD | L57: 75 | M57: =SUM(D57:L57) -> 75 | N57: =SUMIF(D57:L57,"450") -> 0 | O57: =SUM(M57:N57) -> 75 | P57: =450*6 -> 2700 | Q57: =P57-O57 -> 2625 | R57: =Q57/P57*100% -> 0.97222222 | X57: Ar Jean Tudtud | Y57: 1
A58: Billing | B58: Kyzen Hayagan | C58: MA | D58: RD | E58: P | F58: 253 | G58: P | H58: P | I58: P | J58: RD | K58: RD | L58: P | M58: =SUM(D58:I58) -> 253 | N58: =SUMIF(D58:L58,"450") -> 0 | O58: =SUM(M58:N58) -> 253 | P58: =450*6 -> 2700 | Q58: =P58-O58 -> 2447 | R58: =Q58/P58*100% -> 0.9062963 | X58: Collen Silapan | Y58: 0.98190476
A59: Billing | B59: Lea Alagadmo | C59: MA | D59: RD | E59: P | F59: P | G59: P | H59: P | I59: 2 | J59: RD | K59: RD | L59: P | M59: =SUM(D59:I59) -> 2 | N59: =SUMIF(D59:L59,"450") -> 0 | O59: =SUM(M59:N59) -> 2 | P59: =450*6 -> 2700 | Q59: =P59-O59 -> 2698 | R59: =Q59/P59*100% -> 0.99925926 | X59: Hazelyn Rodrigo | Y59: 0.96634921
A60: Mpen | B60: Leo Olesco | C60: Multi | D60: RD | E60: P | F60: P | G60: P | H60: P | I60: P | J60: RD | K60: RD | L60: P | M60: 0 | N60: =SUMIF(D60:L60,"450") -> 0 | O60: =SUM(M60:N60) -> 0 | P60: =450*6 -> 2700 | Q60: =P60-O60 -> 2700 | R60: =Q60/P60*100% -> 1 | X60: Isabela Arellano | Y60: 0.99888889
A61: Billing | B61: Lorraine Cabantac | C61: NJ | D61: RD | E61: P | F61: P | G61: P | H61: P | I61: P | J61: RD | K61: RD | L61: P | M61: 0 | N61: =SUMIF(D61:L61,"450") -> 0 | O61: =SUM(M61:N61) -> 0 | P61: =450*6 -> 2700 | Q61: =P61-O61 -> 2700 | R61: =Q61/P61*100% -> 1 | X61: Josea Aseron | Y61: 1
A62: Billing | B62: Louis Cantillion | C62: NJ | D62: RD | E62: P | F62: P | G62: P | H62: P | I62: P | J62: RD | K62: RD | L62: P | M62: =SUM(E62:I62) -> 0 | N62: =SUMIF(D62:L62,"450") -> 0 | O62: =SUM(M62:N62) -> 0 | P62: =450*6 -> 2700 | Q62: =P62-O62 -> 2700 | R62: =Q62/P62*100% -> 1 | X62: Katrina Go | Y62: 1
A63: Rejection | B63: Margie Theres A Magluyan | C63: Multi | D63: 11 | E63: P | F63: RD | G63: RD | H63: 7 | I63: 12 | J63: P | K63: VL | L63: 24 | M63: =SUM(D63:L63) -> 54 | N63: =SUMIF(D63:L63,"450") -> 0 | O63: =SUM(M63:N63) -> 54 | P63: =450*6 -> 2700 | Q63: =P63-O63 -> 2646 | R63: =Q63/P63*100% -> 0.98 | S63: 1 | X63: Kiana Brown | Y63: 1
A64: Billing | B64: Marion Vien Santos | C64: KY | D64: RD | E64: 65 | F64: P | G64: P | H64: P | I64: P | J64: RD | K64: RD | L64: P | M64: =E64 -> 65 | N64: =SUMIF(D64:L64,"450") -> 0 | O64: =SUM(M64:N64) -> 65 | P64: =450*6 -> 2700 | Q64: =P64-O64 -> 2635 | R64: =Q64/P64*100% -> 0.97592593 | X64: Nerissa Ong | Y64: 0.87022222
A65: Billing | B65: Mark Bienes | C65: NY | D65: RD | E65: P | F65: 450 | G65: 35 | H65: P | I65: P | J65: RD | K65: RD | L65: 9 | M65: =SUM(G65:L65) -> 44 | N65: =SUMIF(D65:L65,"450") -> 450 | O65: =SUM(M65:N65) -> 494 | P65: =450*6 -> 2700 | Q65: =P65-O65 -> 2206 | R65: =Q65/P65*100% -> 0.81703704 | U65: 1 | X65: Remaden Bautista | Y65: 0.99074074
A66: Billing | B66: Mark Frankie Pecolera | C66: IL | D66: RD | E66: P | F66: P | G66: P | H66: P | I66: P | J66: RD | K66: RD | L66: P | M66: =SUM(D66:J66) -> 0 | N66: =SUMIF(D66:L66,"450") -> 0 | O66: =SUM(M66:N66) -> 0 | P66: =450*6 -> 2700 | Q66: =P66-O66 -> 2700 | R66: =Q66/P66*100% -> 1 | X66: Mpen | Y66: 0.99472222
A67: Mpen | B67: Mark Metra | C67: Multi | D67: RD | E67: 32 | F67: P | G67: P | H67: P | I67: P | J67: RD | K67: RD | L67: P | M67: =F67 -> P | N67: =SUMIF(D67:L67,"450") -> 0 | O67: =SUM(M67:N67) -> 0 | P67: =450*6 -> 2700 | Q67: =P67-O67 -> 2700 | R67: =Q67/P67*100% -> 1 | X67: Multi | Y67: 0.99472222
A68: Rejection | B68: Mary Dela Cruz | C68: IL | D68: RD | E68: P | F68: P | G68: P | H68: P | I68: P | J68: RD | K68: RD | L68: P | M68: =SUM(D68:L68) -> 0 | N68: =SUMIF(D68:L68,"450") -> 0 | O68: =SUM(M68:N68) -> 0 | P68: =450*6 -> 2700 | Q68: =P68-O68 -> 2700 | R68: =Q68/P68*100% -> 1 | X68: Hans Ruan | Y68: 1
A69: Rejection | B69: Mary Kilario | C69: Multi | D69: RD | E69: P | F69: P | G69: P | H69: P | I69: P | J69: RD | K69: RD | L69: P | M69: =SUM(D69:L69) -> 0 | N69: =SUMIF(D69:L69,"450") -> 0 | O69: =SUM(M69:N69) -> 0 | P69: =450*6 -> 2700 | Q69: =P69-O69 -> 2700 | R69: =Q69/P69*100% -> 1 | X69: Karl Solomon | Y69: 0.97888889
A70: ALF | B70: Mayann Somera | C70: Multi | D70: RD | E70: P | F70: P | G70: P | H70: P | I70: P | J70: RD | K70: RD | L70: P | M70: =SUM(E70:I70) -> 0 | N70: =SUMIF(D70:L70,"450") -> 0 | O70: =SUM(M70:N70) -> 0 | P70: =450*6 -> 2700 | Q70: =P70-O70 -> 2700 | R70: =Q70/P70*100% -> 1 | X70: Leo Olesco | Y70: 1
A71: Billing | B71: Mherica Santos | C71: KY | D71: RD | E71: 4 | F71: 3 | G71: P | H71: P | I71: 27 | J71: RD | K71: RD | L71: P | M71: =SUM(D71:I71) -> 34 | N71: =SUMIF(D71:L71,"450") -> 0 | O71: =SUM(M71:N71) -> 34 | P71: =450*6 -> 2700 | Q71: =P71-O71 -> 2666 | R71: =Q71/P71*100% -> 0.98740741 | X71: Mark Metra | Y71: 1
A72: Rejection | B72: Mikaella Santos | C72: Multi | D72: P | E72: P | F72: RD | G72: RD | H72: P | I72: P | J72: P | K72: P | L72: P | M72: =SUM(D72:L72) -> 0 | N72: =SUMIF(D72:L72,"450") -> 0 | O72: =SUM(M72:N72) -> 0 | P72: =450*7 -> 3150 | Q72: =P72-O72 -> 3150 | R72: =Q72/P72*100% -> 1 | X72: Rebill | Y72: 0.99533333
A73: Intake | B73: Nerissa Ong | C73: Multi | D73: RD | E73: RD | F73: P | G73: P | H73: 265 | I73: 11 | J73: 16 | K73: RD | L73: RD | M73: =SUM(D73:L73) -> 292 | N73: =SUMIF(D73:L73,"450") -> 0 | O73: =SUM(M73:N73) -> 292 | P73: =450*5 -> 2250 | Q73: =P73-O73 -> 1958 | R73: =Q73/P73*100% -> 0.87022222 | T73: 1 | X73: Multi | Y73: 0.99533333
A74: Billing | B74: Noemi Landerito | C74: IL | D74: RD | E74: P | F74: P | G74: P | H74: P | I74: P | J74: RD | K74: RD | L74: P | M74: =SUM(D74:J74) -> 0 | N74: =SUMIF(D74:L74,"450") -> 0 | O74: =SUM(M74:N74) -> 0 | P74: =450*6 -> 2700 | Q74: =P74-O74 -> 2700 | R74: =Q74/P74*100% -> 1 | X74: Erika Ramos | Y74: 0.99822222
A75: Billing | B75: Patricia Busio | C75: NJ | D75: RD | E75: P | F75: P | G75: P | H75: P | I75: P | J75: RD | K75: RD | L75: 28 | M75: =L75 -> 28 | N75: =SUMIF(D75:L75,"450") -> 0 | O75: =SUM(M75:N75) -> 28 | P75: =450*6 -> 2700 | Q75: =P75-O75 -> 2672 | R75: =Q75/P75*100% -> 0.98962963 | X75: Jewel Mondina | Y75: 0.99244444
A76: Billing | B76: Rafunzel M Manuel | C76: MA | D76: RD | E76: 450 | F76: 450 | G76: VL | H76: VL | I76: VL | J76: RD | K76: RD | L76: P | M76: 0 | N76: =SUMIF(D76:L76,"450") -> 900 | O76: =SUM(M76:N76) -> 900 | P76: =450*3 -> 1350 | Q76: =P76-O76 -> 450 | R76: =Q76/P76*100% -> 0.33333333 | S76: 3 | T76: 2 | X76: Rejection | Y76: 0.95785263
A77: Billing | B77: Raphael Macasocol | C77: IL | D77: RD | E77: P | F77: P | G77: P | H77: P | I77: P | J77: RD | K77: RD | L77: P | M77: 0 | N77: =SUMIF(D77:L77,"450") -> 0 | O77: =SUM(M77:N77) -> 0 | P77: =450*6 -> 2700 | Q77: =P77-O77 -> 2700 | R77: =Q77/P77*100% -> 1 | X77: IL | Y77: 0.99130794
A78: Intake | B78: Remaden Bautista | C78: Multi | D78: RD | E78: P | F78: 25 | G78: P | H78: P | I78: P | J78: RD | K78: RD | L78: P | M78: =SUM(D78:L78) -> 25 | N78: =SUMIF(D78:L78,"450") -> 0 | O78: =SUM(M78:N78) -> 25 | P78: =450*6 -> 2700 | Q78: =P78-O78 -> 2675 | R78: =Q78/P78*100% -> 0.99074074 | X78: Analyn Caniedo | Y78: 0.99142857
A79: Rejection | B79: Rhona Sanejo | C79: KY | D79: P | E79: P | F79: RD | G79: RD | H79: P | I79: P | J79: P | K79: P | L79: P | M79: =SUM(D79:L79) -> 0 | N79: =SUMIF(D79:L79,"450") -> 0 | O79: =SUM(M79:N79) -> 0 | P79: =450*7 -> 3150 | Q79: =P79-O79 -> 3150 | R79: =Q79/P79*100% -> 1 | X79: Arah Blancia | Y79: 1
A80: Billing | B80: Ricalyn Clarencio | C80: IL | D80: RD | E80: P | F80: P | G80: P | H80: P | I80: P | J80: RD | K80: RD | L80: P | M80: 0 | N80: =SUMIF(D80:L80,"450") -> 0 | O80: =SUM(M80:N80) -> 0 | P80: =450*6 -> 2700 | Q80: =P80-O80 -> 2700 | R80: =Q80/P80*100% -> 1 | X80: Kizzy Serrano | Y80: 0.97222222
A81: Billing | B81: Roxinne Madolid | C81: IL | D81: RD | E81: P | F81: P | G81: P | H81: P | I81: P | J81: RD | K81: RD | L81: P | M81: =SUM(D81:J81) -> 0 | N81: =SUMIF(D81:L81,"450") -> 0 | O81: =SUM(M81:N81) -> 0 | P81: =450*6 -> 2700 | Q81: =P81-O81 -> 2700 | R81: =Q81/P81*100% -> 1 | X81: Mary Dela Cruz | Y81: 1
A82: Rejection | B82: Rubyneil Abejero | C82: Multi | D82: RD | E82: P | F82: P | G82: P | H82: P | I82: P | J82: RD | K82: RD | L82: 8 | M82: =SUM(D82:L82) -> 8 | N82: =SUMIF(D82:L82,"450") -> 0 | O82: =SUM(M82:N82) -> 8 | P82: =450*6 -> 2700 | Q82: =P82-O82 -> 2692 | R82: =Q82/P82*100% -> 0.99703704 | X82: Sandarah Cruz | Y82: 0.99288889
A83: Rejection | B83: Ruth Dela Cruz | C83: Multi | D83: RD | E83: P | F83: P | G83: P | H83: P | I83: P | J83: RD | K83: RD | L83: P | M83: =SUM(D83:L83) -> 0 | N83: =SUMIF(D83:L83,"450") -> 0 | O83: =SUM(M83:N83) -> 0 | P83: =450*6 -> 2700 | Q83: =P83-O83 -> 2700 | R83: =Q83/P83*100% -> 1 | X83: KY | Y83: 0.9881746
A84: Billing | B84: Ryan Rillo | C84: KY | D84: RD | E84: P | F84: 450 | G84: P | H84: P | I84: P | J84: RD | K84: RD | L84: P | M84: 0 | N84: =SUMIF(D84:L84,"450") -> 450 | O84: =SUM(M84:N84) -> 450 | P84: =450*6 -> 2700 | Q84: =P84-O84 -> 2250 | R84: =Q84/P84*100% -> 0.83333333 | U84: 1 | X84: Alyssa DeGuzman | Y84: 0.99904762
A85: Rejection | B85: Sandarah Cruz | C85: IL | D85: RD | E85: P | F85: 16 | G85: P | H85: P | I85: LWOP | J85: RD | K85: RD | L85: P | M85: =SUM(D85:L85) -> 16 | N85: =SUMIF(D85:L85,"450") -> 0 | O85: =SUM(M85:N85) -> 16 | P85: =450*5 -> 2250 | Q85: =P85-O85 -> 2234 | R85: =Q85/P85*100% -> 0.99288889 | T85: 1 | X85: Charyselle Cadelina | Y85: 0.95851852
A86: Billing | B86: Sean Edulan | C86: NJ | D86: RD | E86: P | F86: P | G86: P | H86: P | I86: P | J86: RD | K86: RD | L86: 21 | M86: =SUM(E86:I86) -> 0 | N86: =SUMIF(D86:L86,"450") -> 0 | O86: =SUM(M86:N86) -> 0 | P86: =450*6 -> 2700 | Q86: =P86-O86 -> 2700 | R86: =Q86/P86*100% -> 1 | X86: Danielle Generao | Y86: 0.97555556
A87: Billing | B87: Stephanie Del Rosario | C87: NJ | D87: RD | E87: VL | F87: VL | G87: 450 | H87: P | I87: P | J87: RD | K87: RD | L87: 5 | M87: =L87 -> 5 | N87: =SUMIF(D87:L87,"450") -> 450 | O87: =SUM(M87:N87) -> 455 | P87: =450*4 -> 1800 | Q87: =P87-O87 -> 1345 | R87: =Q87/P87*100% -> 0.74722222 | S87: 2 | U87: 1 | X87: Glessie DeJesus | Y87: 1
A88: Billing | B88: Syra Jade Yaranon | C88: NY | D88: RD | E88: P | F88: LWOP | G88: LWOP | H88: P | I88: P | J88: RD | K88: RD | L88: P | M88: =SUM(D88:J88) -> 0 | N88: =SUMIF(D88:L88,"450") -> 0 | O88: =SUM(M88:N88) -> 0 | P88: =450*4 -> 1800 | Q88: =P88-O88 -> 1800 | R88: =Q88/P88*100% -> 1 | T88: 2 | X88: Hanna Arceo | Y88: 0.99592593
A89: Rejection | B89: Tricia Galsim | C89: NJ | D89: RD | E89: 3 | F89: P | G89: 15 | H89: P | I89: 11 | J89: RD | K89: RD | L89: 14 | M89: =SUM(D89:L89) -> 43 | N89: =SUMIF(D89:L89,"450") -> 0 | O89: =SUM(M89:N89) -> 43 | P89: =450*6 -> 2700 | Q89: =P89-O89 -> 2657 | R89: =Q89/P89*100% -> 0.98407407 | X89: Rhona Sanejo | Y89: 1
A90: Rejection | B90: Vincent Paolo Villasenor | C90: Multi | D90: RD | E90: 450 | F90: 450 | G90: P | H90: 34 | I90: P | J90: RD | K90: RD | L90: P | M90: =H90 -> 34 | N90: =SUMIF(D90:L90,"450") -> 900 | O90: =SUM(M90:N90) -> 934 | P90: =450*4 -> 1800 | Q90: =P90-O90 -> 866 | R90: =Q90/P90*100% -> 0.48111111 | U90: 2 | X90: Multi | Y90: 0.96351323
A91: Rejection | B91: Vladimir Patio | C91: Multi | D91: RD | E91: P | F91: P | G91: P | H91: P | I91: P | J91: RD | K91: RD | L91: P | M91: =SUM(D91:L91) -> 0 | N91: =SUMIF(D91:L91,"450") -> 0 | O91: =SUM(M91:N91) -> 0 | P91: =450*4 -> 1800 | Q91: =P91-O91 -> 1800 | R91: =Q91/P91*100% -> 1 | X91: Andrea Fonacier | Y91: 0.99888889
A92: Billing | B92: Xenrel Mae O Dacubar | C92: NY | D92: RD | E92: 450 | F92: P | G92: 10 | H92: P | I92: P | J92: RD | K92: RD | L92: P | M92: =G92 -> 10 | N92: =SUMIF(D92:L92,"450") -> 450 | O92: =SUM(M92:N92) -> 460 | P92: =450*6 -> 2700 | Q92: =P92-O92 -> 2240 | R92: =Q92/P92*100% -> 0.82962963 | V92: 1 | X92: Charlene Valdez | Y92: 1
M93: =SUM(M2:M92) -> 2158 | N93: =SUM(N2:N92) -> 6300 | O93: =SUM(O2:O92) -> 8458 | P93: =SUM(P2:P92) -> 238950 | Q93: =SUM(Q2:Q92) -> 230492 | R93: =AVERAGE(R2:R92) -> 0.95667524 | X93: Edmark Bania | Y93: 1
X94: Francis Alba | Y94: 0.9962963
M95: =M93/P93*100% -> 0.0090311781 | N95: =N93/P93*100% -> 0.026365348 | O95: =O93/P93*100% -> 0.035396526 | X95: Iris Dahnielle Andalleon | Y95: 0.99936508
X96: Jean Tan | Y96: 1
X97: Jeannie Bajaro | Y97: 1
X98: Jonathan Marquez | Y98: 1
X99: Margie Theres A Magluyan | Y99: 0.98
X100: Mary Kilario | Y100: 1
...

Sheet June
D1: 45809 | E1: 45810 | F1: 45811 | G1: 45812 | H1: 45813 | I1: 45814 | J1: 45815 | K1: 45816 | L1: 45817 | M1: 45818 | N1: 45819 | O1: 45820 | P1: 45821 | Q1: 45822 | R1: 45823 | S1: 45824 | T1: 45825 | U1: 45826 | V1: 45827 | W1: 45828 | X1: 45829 | Y1: 45830 | Z1: 45831 | AA1: 45832 | AB1: 45833 | AC1: 45834 | AD1: 45835 | AE1: 45836 | AF1: 45837 | AG1: 45838
A2: Full Name | B2: Department | C2: State | D2: SUNDAY | E2: MONDAY | F2: TUESDAY | G2: WEDNESDAY | H2: THURSDAY | I2: FRIDAY | J2: SATURDAY | K2: SUNDAY | L2: MONDAY | M2: TUESDAY | N2: WEDNESDAY | O2: THURSDAY | P2: FRIDAY | Q2: SATURDAY | R2: SUNDAY | S2: MONDAY | T2: TUESDAY | U2: WEDNESDAY | V2: THURSDAY | W2: FRIDAY | X2: SATURDAY | Y2: SUNDAY | Z2: MONDAY | AA2: TUESDAY | AB2: WEDNESDAY | AC2: THURSDAY | AD2: FRIDAY | AE2: SATURDAY | AF2: SUNDAY | AG2: MONDAY | AH2: Tardiness | AI2: Absences | AJ2: Lost Hours | AK2: Target | AL2: Completed | AM2: Attendance | AN2: Billable Days | AO2: Work days | AQ2: RD | AR2: VL | AS2: LWOP | AT2: SL | AU2: Other
A3: Alexandra Ortiz | B3: Billing | C3: KY | D3: RD | E3: 450 | F3: 5 | G3: P | H3: 19 | I3: P | J3: RD | K3: RD | L3: P | M3: 106 | N3: P | O3: P | P3: LWOP | Q3: RD | R3: RD | S3: 42 | T3: LWOP | U3: LWOP | V3: P | W3: P | X3: RD | Y3: RD | Z3: LWOP | AA3: LWOP | AB3: P | AC3: P | AD3: P | AE3: RD | AF3: RD | AG3: P | AH3: 68 | AI3: =SUMIF(C3:AG3,"450") -> 450 | AJ3: =AH3+AI3 -> 518 | AK3: =AN3*450 -> 7200 | AL3: =AK3-AJ3 -> 6682 | AM3: =AL3/AK3 -> 0.92805556 | AN3: =AO3-(AR3+AS3) -> 16 | AO3: =30-AQ3 -> 21 | AQ3: =COUNTIF(D3:AF3,"RD") -> 9 | AR3: =COUNTIF(D3:AG3,"VL") -> 0 | AS3: =COUNTIF(D3:AG3,"LWOP") -> 5 | AT3: =COUNTIF(D3:AH3,"450") -> 1
A4: Alyssa DeGuzman | B4: Rejection | C4: KY | D4: P | E4: 17 | F4: RD | G4: RD | H4: 4 | I4: P | J4: P | K4: P | L4: P | M4: RD | N4: RD | O4: P | P4: P | Q4: P | R4: LWOP | S4: P | T4: RD | U4: RD | V4: P | W4: P | X4: P | Y4: 3 | Z4: P | AA4: RD | AB4: RD | AC4: P | AD4: P | AE4: P | AF4: P | AG4: P | AH4: =SUM(D4:AG4) -> 24 | AI4: =SUMIF(C4:AG4,"450") -> 0 | AJ4: =AH4+AI4 -> 24 | AK4: =AN4*450 -> 9450 | AL4: =AK4-AJ4 -> 9426 | AM4: =AL4/AK4 -> 0.99746032 | AN4: =AO4-(AR4+AS4) -> 21 | AO4: =30-AQ4 -> 22 | AQ4: =COUNTIF(D4:AF4,"RD") -> 8 | AR4: =COUNTIF(D4:AG4,"VL") -> 0 | AS4: =COUNTIF(D4:AG4,"LWOP") -> 1 | AT4: =COUNTIF(D4:AH4,"450") -> 0
